gene,score,logfoldchange,pval,pval_adj,pct_in,pct_out,cluster
RPL35,50.82182,0.95830536,0.0,0.0,0.0,0.0009476676845319575,0
RPS2,50.8195,1.0347421,0.0,0.0,0.0,0.0005264820469621986,0
RPS19,50.750294,0.9205093,0.0,0.0,0.001221001221001221,0.0004211856375697589,0
RPS18,50.43057,0.78567386,0.0,0.0,0.0,0.002527113825418553,0
RPL36,50.127605,0.82130677,0.0,0.0,0.0,0.0004211856375697589,0
RPL13,49.864727,0.8663797,0.0,0.0,0.36874236874236876,0.47699273454775193,0
RPS15,48.77333,0.7344551,0.0,0.0,0.021367521367521368,0.02548173107297041,0
RPS8,48.598763,1.0213459,0.0,0.0,0.04456654456654457,0.062440770769716755,0
RPL37A,48.39685,0.8176931,0.0,0.0,0.004884004884004884,0.006107191744761504,0
RPS9,48.130054,0.7890101,0.0,0.0,0.6929181929181929,0.7282299673581131,0
RPS3,47.00577,0.72351825,0.0,0.0,0.06532356532356533,0.05601768979677793,0
RPL18A,46.999958,0.81955785,0.0,0.0,0.0006105006105006105,0.0009476676845319575,0
RPL7A,46.77852,0.9249127,0.0,0.0,0.009157509157509158,0.007897230704432979,0
RPL28,46.6377,0.62800264,0.0,0.0,0.0030525030525030525,0.0035800779193429504,0
RPL13A,46.633846,0.6502339,0.0,0.0,0.0006105006105006105,0.0012635569127092765,0
HES1,46.051937,1.807448,0.0,0.0,0.0,0.0006317784563546383,0
RPS21,45.966576,1.0142357,0.0,0.0,0.009157509157509158,0.016952721912182795,0
RPL29,45.600914,0.7065522,0.0,0.0,0.029914529914529916,0.042223860166368324,0
RPL8,45.58881,0.656619,0.0,0.0,0.0,0.00031588922817731913,0
RPS11,45.556778,0.8618164,0.0,0.0,0.0006105006105006105,0.001895335369063915,0
RPS29,45.370754,0.6789226,0.0,0.0,0.18925518925518925,0.16036643150468569,0
RPL37,45.098774,0.9225974,0.0,0.0,0.005494505494505495,0.008213119932610298,0
RPL32,44.92072,0.85709524,0.0,0.0,0.001221001221001221,0.009897862482889333,0
RPL11,44.52614,0.67463017,0.0,0.0,0.001221001221001221,0.00010529640939243972,0
RPL10A,44.506844,1.2109443,0.0,0.0,0.030525030525030524,0.02590291671054017,0
RPL36A,44.480743,1.4341335,0.0,0.0,0.4017094017094017,0.23712751395177425,0
RPL14,44.445175,0.9519329,0.0,0.0,0.07692307692307693,0.38317363377908814,0
RPLP2,44.297386,0.6245219,0.0,0.0,0.04945054945054945,0.06675792355480678,0
RPL31,44.2189,0.90777075,0.0,0.0,0.0006105006105006105,0.012109087080130568,0
RPL12,44.213062,0.81262064,0.0,0.0,0.0,0.00031588922817731913,0
RPL27A,44.20011,0.7505361,0.0,0.0,0.05128205128205128,0.0710750763398968,0
RPS5,44.160297,0.95619845,0.0,0.0,0.05372405372405373,0.05696535748130989,0
RPS27,44.133133,0.7064002,0.0,0.0,0.014652014652014652,0.026745287985679687,0
RPLP0,43.90875,0.89972866,0.0,0.0,0.005494505494505495,0.00368537432873539,0
RPS23,43.788868,0.968251,0.0,0.0,0.0,0.03780141097188586,0
RPL38,43.57351,0.81850266,0.0,0.0,0.0,0.015689164999473516,0
RPS17L,43.540733,1.1024389,0.0,0.0,0.3058608058608059,0.465515425923976,0
RPS12,43.40949,0.77360916,0.0,0.0,0.026862026862026864,0.028114141307781403,0
RPS28,43.054955,0.7105015,0.0,0.0,0.027472527472527472,0.2158576392545014,0
TMSB10,42.99518,0.549659,0.0,0.0,0.0,0.00031588922817731913,0
RPL18,42.933033,0.7141043,0.0,0.0,0.09462759462759462,0.17616089291355164,0
RPLP1,42.552307,0.5891243,0.0,0.0,0.005494505494505495,0.0044224491944824685,0
RPL21,42.371006,0.77003264,0.0,0.0,0.08058608058608059,0.08529009160787616,0
NUPR1,42.354496,2.4319563,0.0,0.0,0.07326007326007326,0.08560598083605349,0
RPL35A,41.914745,0.83545685,0.0,0.0,0.1813186813186813,0.22417605559650416,0
SNHG5,41.789272,1.4191798,0.0,0.0,0.1514041514041514,0.2628198378435295,0
RPS16,41.40513,0.7515149,0.0,0.0,0.0006105006105006105,0.0004211856375697589,0
PTMA,41.227905,0.5458653,0.0,0.0,0.10927960927960928,0.1137201221438349,0
RPL30,40.639587,0.8635379,0.0,0.0,0.8107448107448108,0.7787722438664841,0
RPS6,40.20256,0.8437396,0.0,0.0,0.11477411477411477,0.18974412972517637,0
CA1,37.76295,2.7053742,0.0,0.0,0.0,0.000908999091000909,1
SELENBP1,36.988487,1.9294659,1.75358645703334e-299,1.977957844210756e-295,0.0,0.000504999495000505,1
SLC26A2,36.67984,2.7494128,1.5309245540088078e-294,1.1512042337961564e-290,0.0,0.000605999394000606,1
KRT19,32.9797,1.1508474,1.587874394488817e-238,8.955214616318305e-235,0.0008103727714748784,0.002322997677002323,1
RN7SK,32.67858,2.2972639,3.147388592647342e-234,1.4200387852306277e-230,0.0,0.000403999596000404,1
CA2,32.237053,1.8908944,5.342839304324283e-228,2.0088185311041915e-224,0.4059967585089141,0.46793253206746793,1
ATP5D,31.058249,0.8054188,8.828368603663591e-212,2.8451309618578137e-208,0.01620745542949757,0.02595697404302596,1
ADIRF,29.941393,1.8813578,5.69505785365251e-197,1.6059351265068374e-193,0.05915721231766612,0.059892940107059894,1
CHCHD10,29.786436,0.9129743,5.854707010172567e-195,1.4675148382498106e-191,0.007293354943273906,0.005756994243005757,1
S100A14,29.422445,1.22393,2.83581169667301e-190,6.397307606524644e-187,0.7690437601296597,0.7173012826987173,1
HMGCS2,29.140667,2.1055927,1.0969191181881833e-186,2.2495816715642933e-183,0.029173419773095625,0.060902939097060904,1
FABP1,29.003012,1.3739623,6.028504026052659e-185,1.1333085193643493e-181,0.0,0.00100999899000101,1
CD24,28.389389,1.2206976,2.7340660033592804e-177,4.744445766906308e-174,0.011345218800648298,0.007675992324007676,1
HSD11B2,28.212616,1.7512122,4.094827049154754e-175,6.59822881442015e-172,0.0024311183144246355,0.003635996364003636,1
NDUFB7,27.757858,0.9364829,1.4006558434607533e-169,2.1064930115087423e-166,0.0024311183144246355,0.00100999899000101,1
UQCRC1,27.708534,1.2534666,5.510260763965585e-169,7.769123285893726e-166,0.0008103727714748784,0.000504999495000505,1
PHGR1,27.502493,0.6684965,1.6391774145323308e-166,2.175188429084403e-163,0.01620745542949757,0.015755984244015756,1
STARD10,27.288116,1.5398344,5.869362467998552e-164,7.355941550865518e-161,0.02106969205834684,0.04282395717604282,1
RP1-313I6.12,26.716955,1.827072,2.990685538835952e-157,3.550888161610539e-154,0.0,0.000302999697000303,1
TCEB2,26.202951,0.7363802,2.459302830813855e-151,2.7739706280164876e-148,0.0016207455429497568,0.001716998283001717,1
C10orf99,26.016848,1.2797694,3.193039344676373e-149,3.430084503645443e-146,0.08995137763371151,0.1739218260781739,1
NDUFS7,25.905687,1.1387277,5.746185424332033e-148,5.892190772159379e-145,0.006482982171799027,0.007978992021007979,1
LGALS4,25.797878,0.78704315,9.366539649313618e-147,8.804156997869413e-144,0.007293354943273906,0.008786991213008787,1
C19orf70,24.303286,1.2280384,1.8096640740406675e-130,1.6329684738513368e-127,0.0,0.000302999697000303,1
BSG,24.138527,0.9944663,9.854330098230041e-129,8.550147410998904e-126,0.005672609400324149,0.02918897081102919,1
C19orf33,23.965788,1.133113,6.3260197539006985e-127,5.285506652897995e-124,0.20907617504051865,0.26785173214826785,1
LGALS2,23.934908,1.9350091,1.3270115952934847e-126,1.0691448063652044e-123,0.1547811993517018,0.360973639026361,1
CKB,23.62283,1.1649479,2.2460188261854307e-123,1.7471702999971427e-120,0.04376012965964344,0.06676093323906676,1
CYC1,23.554817,1.0608687,1.1205022804012608e-122,8.425803647857348e-120,0.0,0.011715988284011715,1
CTSD,23.441284,1.0513989,1.6222156734013278e-121,1.1805020443955018e-118,0.0,0.000302999697000303,1
ATP5G3,23.399858,0.6753394,4.287741539410804e-121,3.0227237933615105e-118,0.11021069692058347,0.06292293707706292,1
ASL,23.307932,1.4324982,3.683856762913605e-120,2.518306809532364e-117,0.06645056726094004,0.05524694475305525,1
ATP5I,23.154434,0.705502,1.3116624650795672e-118,8.702880455802929e-116,0.009724473257698542,0.026865973134026867,1
ROMO1,22.957685,0.9803458,1.2347737555548086e-116,7.958646043303122e-114,0.0024311183144246355,0.004140995859004141,1
NDUFB10,22.907484,0.9359118,3.91306192972969e-116,2.4520767797992243e-113,0.0024311183144246355,0.035955964044035955,1
CES2,22.726572,1.3790873,2.4470706758916446e-114,1.491985604795665e-111,0.0008103727714748784,0.014947985052014948,1
IER3,22.470484,0.9867053,8.0706498201317985e-112,4.791204981377716e-109,0.47893030794165314,0.4374305625694374,1
KRT18,22.387718,0.71094066,5.184609437416806e-111,2.998964212786813e-108,0.011345218800648298,0.029996970003029998,1
KRT8,22.359253,0.658883,9.814180931324427e-111,5.5349526907436934e-108,0.2925445705024311,0.17513382486617513,1
AMN,22.274336,1.2506516,6.554180258200548e-110,3.6062378645060044e-107,0.0,0.000302999697000303,1
PIGR,22.03312,0.7184543,1.386877567452801e-107,7.275946754457614e-105,0.1094003241491086,0.170992829007171,1
CHP2,21.864843,1.824523,5.615664307890861e-106,2.879176616402499e-103,0.004862236628849271,0.004544995455004545,1
CDHR5,21.654806,1.4860123,5.4760905135308387e-104,2.74522501988316e-101,0.10048622366288493,0.08261791738208261,1
MAP2K2,21.570724,1.3628445,3.3834691877511594e-103,1.659297421879965e-100,0.05186385737439222,0.08776891223108776,1
C4orf48,21.455887,1.3058159,4.023569399843981e-102,1.9312277040655395e-99,0.24716369529983792,0.21422078577921422,1
MVP,21.398207,1.21925,1.3884876139226296e-101,6.525602517183458e-99,0.39708265802269044,0.22765377234622766,1
NDUFS6,21.38118,0.83196735,2.00010642843089e-101,9.208245085504582e-99,0.0008103727714748784,0.000403999596000404,1
DSP,21.185976,1.269374,1.2863484972819122e-99,5.689948186310325e-97,0.10696920583468396,0.11382688617311383,1
MRPL12,21.118057,1.2019297,5.428240292318125e-99,2.35491678373855e-96,0.8962722852512156,0.7694172305827695,1
LGALS3,21.013592,0.7530326,4.9263870185984296e-98,2.0968748066521128e-95,0.15640194489465153,0.1814968185031815,1
SLC26A3,45.722145,3.390742,0.0,0.0,0.0,0.0008979347500748278,2
AQP8,44.79424,4.517646,0.0,0.0,0.0008992805755395684,0.00039908211114436795,2
LINC01133,44.70548,3.7598746,0.0,0.0,0.0,0.000598623166716552,2
MS4A12,44.303417,3.6775138,0.0,0.0,0.0,0.002394492666866208,2
GUCA2A,44.186913,3.260042,0.0,0.0,0.0,0.00039908211114436795,2
PRDX6,43.027588,2.2956269,0.0,0.0,0.48741007194244607,0.4581462635937344,2
CEACAM7,42.93232,3.516274,0.0,0.0,0.02877697841726619,0.024443779307592537,2
PLAC8,41.55013,2.7962546,0.0,0.0,0.11420863309352518,0.053776314476703585,2
MYL12B,41.53685,1.5635064,0.0,0.0,0.007194244604316547,0.005786690611593336,2
SLC51B,41.50961,3.6724231,0.0,0.0,0.8741007194244604,0.7062755661977452,2
SLC26A2,41.420574,3.1095338,0.0,0.0,0.04946043165467626,0.05826598822707772,2
FXYD3,41.096024,1.4521121,0.0,0.0,0.0017985611510791368,0.0007981642222887359,2
CDKN2B-AS1,40.79033,3.636802,0.0,0.0,0.0044964028776978415,0.008480494861817818,2
PKIB,40.339455,2.8278973,0.0,0.0,0.0017985611510791368,0.0036915095280854035,2
TSPAN1,40.116165,2.1932297,0.0,0.0,0.0017985611510791368,0.0010974758056470119,2
FTH1,40.010696,0.7329372,0.0,0.0,0.0,0.000598623166716552,2
TMEM54,39.988937,1.9240371,0.0,0.0,0.009892086330935251,0.01646213708470518,2
ANPEP,39.84475,3.788767,0.0,0.0,0.008093525179856115,0.04399880275366657,2
CEACAM1,39.802395,3.197748,0.0,0.0,0.0,0.000299311583358276,2
PRAP1,39.799644,2.8874564,0.0,0.0,0.0008992805755395684,0.0017958695001496557,2
IFI27,39.439373,1.8390787,0.0,0.0,0.0341726618705036,0.17908809737603512,2
GUCA2B,39.197636,3.3358104,0.0,0.0,0.002697841726618705,0.008380724334031727,2
FABP1,39.139,1.6338369,0.0,0.0,0.00539568345323741,0.008979347500748278,2
C2orf88,38.787155,3.373422,0.0,0.0,0.0,0.000299311583358276,2
TSPAN8,38.190865,1.487291,0.0,0.0,0.00539568345323741,0.028933453057966678,2
LGALS3,37.99269,1.0924661,0.0,0.0,0.08453237410071943,0.28095380624563504,2
PRR13,37.681824,1.9792373,0.0,0.0,0.6393884892086331,0.30469919185872496,2
RHOC,37.637592,2.1464407,5.22103730211946e-310,3.0995100131187586e-307,0.0539568345323741,0.06534969569989026,2
SRI,37.4695,1.7464321,2.8916146667275655e-307,1.6726137247873628e-304,0.0008992805755395684,0.011473610695400578,2
KRT20,37.3908,2.5006082,5.513119635822546e-306,3.10926164661302e-303,0.0008992805755395684,0.00019954105557218397,2
FTH1P10,37.21334,1.344188,4.1528815824429006e-303,2.284996478495839e-300,0.07823741007194245,0.06704579467225381,2
HIGD1A,36.788673,2.2105098,2.8017700008252843e-296,1.404558432191502e-293,0.029676258992805755,0.05946323456051082,2
IL32,36.705368,2.3745694,5.9958488266885404e-295,2.9404424713318864e-292,0.013489208633093525,0.026239648807742193,2
BSG,36.354553,1.4212631,2.226650253981064e-289,9.849216290109573e-287,0.0008992805755395684,0.004290132694801956,2
CKB,35.64311,1.6990613,3.012958742787346e-278,1.1520226487888091e-275,0.0035971223021582736,0.035418537364062655,2
VAMP8,35.610813,1.7981104,9.529797526217171e-278,3.583045039898886e-275,0.0008992805755395684,0.014766038112341614,2
ALDOA,35.342304,0.99211913,1.3162449021444408e-273,4.7132013884883236e-271,0.564748201438849,0.428414646313479,2
CYSTM1,35.236786,1.6487547,5.468144927121721e-272,1.8977827909375214e-269,0.00539568345323741,0.030430010974758056,2
ETHE1,35.230934,1.820207,6.721022508231995e-272,2.2972658600485693e-269,0.5539568345323741,0.14756061059563005,2
EMP1,34.87362,2.8719316,1.8676519173228607e-266,6.018908514698059e-264,0.0,0.000299311583358276,2
S100A10,34.750957,0.7907921,1.340516516383357e-264,4.0865827152827225e-262,0.1474820143884892,0.16601815823605706,2
SLC25A5,34.684624,1.3227806,1.3437148664039408e-263,4.041715156160867e-261,0.0008992805755395684,0.004988526389304599,2
PRSS3,34.677177,2.027057,1.739844468110323e-263,5.164362020539575e-261,0.05755395683453238,0.08759852339618876,2
MALL,34.660877,2.6358407,3.0632106809139598e-263,8.859355096248463e-261,0.04136690647482014,0.0884964581462636,2
HPGD,34.623,3.0800953,1.1388953776444851e-262,3.252195041048347e-260,0.1681654676258993,0.22338621171305997,2
CEACAM5,34.38399,2.0949147,4.374885067033302e-259,1.2035735637463933e-256,0.3920863309352518,0.2302703781303003,2
C19orf33,34.378647,1.434291,5.25811457040772e-259,1.4291301999256358e-256,0.0,0.0004988526389304599,2
KRT8,34.338467,0.8628203,2.0937016407787687e-258,5.622835156467648e-256,0.06924460431654676,0.11792876384316073,2
CDA,34.226986,2.9722319,9.596418219202434e-257,2.546889395376326e-254,0.9109712230215827,0.7693305397585554,2
PHGR1,33.8462,0.80295855,4.1278907452293505e-251,1.0463043519284149e-248,0.16366906474820145,0.1803851142372543,2
TFF3,50.51345,2.702048,0.0,0.0,0.0,0.0008899436369029962,3
MUC2,46.74785,4.5345783,0.0,0.0,0.0,0.0004944131316127757,3
SPINK4,43.035374,4.57613,0.0,0.0,0.0009784735812133072,0.0004944131316127757,3
WFDC2,42.752323,3.1748307,0.0,0.0,0.0009784735812133072,0.002274300405418768,3
ITLN1,42.642204,4.724833,0.0,0.0,0.0,0.00039553050529022053,3
AGR2,42.48527,1.428711,0.0,0.0,0.550880626223092,0.4519924849203995,3
KLK1,40.425766,4.0988474,0.0,0.0,0.022504892367906065,0.025116187085929,3
LRRC26,37.714413,4.7728677,0.0,0.0,0.040117416829745595,0.06180164145159695,3
ZG16,37.061867,2.9253016,1.1565705309719636e-300,2.8990082897996142e-297,0.0019569471624266144,0.0063284880846435285,3
FCGBP,36.54564,2.8031812,2.0915907834651014e-292,4.7184196484189225e-289,0.7827788649706457,0.7169979234648473,3
SPINK1,33.756462,2.1885593,8.594399790174407e-250,1.7625551351504043e-246,0.046966731898238745,0.05843963215663008,3
ST6GALNAC1,33.223175,3.0452533,4.982646799041262e-242,9.366960761630984e-239,0.0,0.0009888262632255513,3
SERPINA1,32.40064,3.617999,2.688517827949348e-230,4.665405667746872e-227,0.009784735812133072,0.00791061010580441,3
CLCA1,31.689281,5.0003614,2.1830104848098403e-220,3.5176095376303707e-217,0.004892367906066536,0.0033620092949668743,3
RETNLB,28.53351,5.2223344,4.499872370535917e-179,6.76750805379465e-176,0.0029354207436399216,0.0009888262632255513,3
SPDEF,28.344105,3.2913024,9.894621359002813e-177,1.395079770235903e-173,0.0009784735812133072,0.0004944131316127757,3
NPDC1,28.21969,2.46075,3.3530329038005475e-175,4.449474663343326e-172,0.00684931506849315,0.016711163848511817,3
TPM1,28.201387,1.4574658,5.622896447535836e-175,7.047051164442274e-172,0.06164383561643835,0.03826757638682884,3
REP15,27.715807,4.811745,4.503308812344403e-169,5.346849657772494e-166,0.0,0.0002966478789676654,3
TPSG1,26.684351,4.4552994,7.151348686147102e-157,8.066363750539623e-154,0.0,0.0018787699001285474,3
RNASE1,25.669895,2.1718729,2.5356258010149997e-145,2.6000537475044265e-142,0.15655577299412915,0.16543063383763473,3
C12orf57,25.46694,1.4568534,4.58335311461916e-143,4.495472300551896e-140,0.005870841487279843,0.008009492732126965,3
SELK,25.3044,1.13456,2.8572335945769434e-141,2.5782533064024508e-138,0.0009784735812133072,0.009393849500642737,3
HPCAL1,25.253448,2.928222,1.0379934255231975e-140,9.006189879376082e-138,0.0,0.0002966478789676654,3
SSR4,24.78834,1.0241714,1.1975879329495144e-135,1.0006068955336333e-132,0.012720156555772993,0.0279837832492831,3
REG4,24.66215,3.3432686,2.7261764838489037e-134,2.1964219749695507e-131,0.15949119373776907,0.27163057450805894,3
NR4A1,23.142452,1.5614477,1.7318026972176396e-118,1.220866782704148e-115,0.162426614481409,0.3558785721348759,3
HEPACAM2,22.771729,3.9536145,8.74292377039112e-115,5.976715676856161e-112,0.03913894324853229,0.06674577276772471,3
FOS,22.702362,0.6913381,4.2456875814799986e-114,2.817013710311979e-111,0.0009784735812133072,0.01137150202709384,3
ATF3,22.652185,1.1604987,1.3276053040366352e-113,8.319291126045126e-111,0.0,0.0002966478789676654,3
SELM,22.486725,3.6510947,5.598304167820867e-112,3.4133011816721873e-109,0.07240704500978473,0.06773459903095026,3
RPL10,22.20341,0.41491124,3.1836182506849535e-109,1.8899801083474173e-106,0.043052837573385516,0.05784633639869475,3
SEC61G,21.777058,0.9713866,3.828922813515808e-105,2.1594167437525775e-102,0.03424657534246575,0.024028478196380897,3
RASD1,21.468721,2.6475072,3.0530614108006836e-102,1.5653184628693778e-99,0.005870841487279843,0.003757539800257095,3
FAM3D,21.38828,1.064008,1.717764646239587e-101,8.61134503433752e-99,0.0019569471624266144,0.03530109759715218,3
RPS12,21.35321,0.49292943,3.6404582933447916e-101,1.7853282312948944e-98,0.0009784735812133072,0.014634628695738158,3
BEST2,21.083145,4.8961844,1.1357960852476582e-98,5.338004976479566e-96,0.42857142857142855,0.4433896964303372,3
XBP1,20.87825,1.3143152,8.442842184627101e-97,3.809241536860056e-94,0.026418786692759294,0.028082665875605657,3
GSN,20.827705,1.7154441,2.4281514991390463e-96,1.0740523464525048e-93,0.03816046966731898,0.20330267971917335,3
FKBP11,20.588829,2.5021634,3.4562048381816476e-94,1.4993947104719192e-91,0.0,0.0002966478789676654,3
PPIB,20.506142,1.06374,1.897629773325848e-93,7.927524084529224e-91,0.16144814090019569,0.16444180757440918,3
FOSB,20.386312,0.9853973,2.2120192073709446e-92,9.072898418014752e-90,0.0,0.005043013942450311,3
HERPUD1,19.878626,0.9237408,6.231731184484816e-88,2.4238210998412583e-85,0.07240704500978473,0.08583011964797785,3
AGR3,19.669136,1.1125822,3.9648192574017926e-86,1.5159721631818142e-83,0.0821917808219178,0.0839513497478493,3
LRRC75A-AS1,19.430336,1.0164545,4.275611187095387e-84,1.5812051273718826e-81,0.1908023483365949,0.22060713932562048,3
RPL34,19.41418,0.4842224,5.856148598005916e-84,2.130788003587346e-81,0.10763209393346379,0.2604568377336102,3
JUN,19.36488,0.623914,1.527140857383155e-83,5.468376285985174e-81,0.0,0.0004944131316127757,3
MLPH,19.352892,2.6156986,1.9272187151641046e-83,6.793144843029224e-81,0.0675146771037182,0.1176703253238406,3
IER2,19.324928,0.78545,3.314401565111633e-83,1.1503013062669742e-80,0.7553816046966731,0.7863146445169583,3
GDF15,19.2908,1.6934835,6.41735628658146e-83,2.193471825287745e-80,0.18003913894324852,0.17858202313853455,3
SRGN,48.99573,7.4344125,0.0,0.0,0.002197802197802198,0.000684596577017115,4
CD7,46.126804,8.151684,0.0,0.0,0.0,0.0004889975550122249,4
CREM,45.894585,5.7950583,0.0,0.0,0.0,0.00058679706601467,4
PTPRC,44.760597,7.409836,0.0,0.0,0.002197802197802198,0.0021515892420537895,4
CD52,44.427917,6.7073703,0.0,0.0,0.0,0.00039119804400977997,4
TMEM66,43.62995,3.1257727,0.0,0.0,0.1901098901098901,0.48518337408312956,4
ARHGDIB,42.824123,6.1212926,0.0,0.0,0.006593406593406593,0.026503667481662593,4
HCST,41.556442,7.647717,0.0,0.0,0.016483516483516484,0.06366748166259169,4
CCL5,41.50342,8.359757,0.0,0.0,0.0,0.006454767726161369,4
CD3E,41.169647,10.350174,0.0,0.0,0.3516483516483517,0.7560880195599022,4
CD3D,40.0199,9.433432,0.0,0.0,0.0032967032967032967,0.06220048899755501,4
TRAC,39.675613,9.325588,0.0,0.0,0.001098901098901099,0.0008801955990220049,4
LAPTM5,38.87021,5.95089,0.0,0.0,0.0,0.008801955990220049,4
EEF1A1,38.73758,0.779169,0.0,0.0,0.004395604395604396,0.0034229828850855745,4
RGS1,38.37785,6.8421516,0.0,0.0,0.0,0.001271393643031785,4
TRBC2,38.32419,7.3491316,0.0,0.0,0.0,0.00058679706601467,4
B2M,38.25903,0.86982006,0.0,0.0,0.012087912087912088,0.01613691931540342,4
SAMSN1,38.059723,6.991422,0.0,0.0,0.041758241758241756,0.040293398533007334,4
BTG1,38.016106,1.6024666,0.0,0.0,0.0,0.000293398533007335,4
PABPC1,37.920933,1.7423939,0.0,0.0,0.001098901098901099,0.0017603911980440098,4
FYN,37.721703,8.108891,0.0,0.0,0.13736263736263737,0.16704156479217605,4
KLRB1,37.537045,8.724214,2.292088219669356e-308,1.1490492921671335e-305,0.002197802197802198,0.008312958435207823,4
CLEC2D,37.028366,6.9598074,4.004462719844193e-300,1.922056904190748e-297,0.015384615384615385,0.008019559902200489,4
TSC22D3,37.000805,4.216597,1.1114875297708864e-299,5.2237598300211296e-297,0.0,0.000293398533007335,4
EVL,36.9103,7.091782,3.1588226978776033e-298,1.454283290641242e-295,0.013186813186813187,0.027775061124694377,4
RPL4,36.530907,1.7152711,3.584111678740522e-292,1.6170795072141487e-289,0.1879120879120879,0.2678728606356968,4
CORO1A,36.10951,5.8589945,1.6085333412017462e-285,6.978250700801961e-283,0.5659340659340659,0.31784841075794623,4
VIM,36.04734,6.069422,1.5180534076418514e-284,6.341808670924542e-282,0.012087912087912088,0.06885085574572126,4
NAP1L1,35.996883,3.292491,9.358987723857659e-284,3.83871643750009e-281,0.06703296703296703,0.0053789731051344745,4
NPM1,35.855537,2.0873682,1.5076910090561596e-281,6.0735716916603406e-279,0.002197802197802198,9.779951100244499e-05,4
PNRC1,35.760464,2.45532,4.549452840702075e-280,1.800545730410493e-277,0.002197802197802198,0.07403422982885086,4
NKG7,35.595043,8.5015,1.6714988108530536e-277,6.391074860005768e-275,0.008791208791208791,0.06073349633251834,4
TMSB4X,34.501915,0.5296349,7.508144600684213e-261,2.5663065764671993e-258,0.002197802197802198,0.026992665036674815,4
CD37,34.23767,5.3721013,6.654724189199474e-257,2.240655566927626e-254,0.002197802197802198,0.0041075794621026895,4
CST7,34.177917,9.202001,5.147524353153708e-256,1.7076912041587424e-253,0.33406593406593404,0.0053789731051344745,4
S100A4,33.97283,5.5642295,5.613692056192981e-253,1.8353518709515574e-250,0.13186813186813187,0.0028361858190709046,4
LEPROTL1,33.952835,3.9853063,1.1077100829318993e-252,3.569833108694388e-250,0.21978021978021978,0.4618092909535452,4
SRSF2,33.913418,1.9825419,4.2252556608117703e-252,1.3425005979190526e-249,0.041758241758241756,0.026699266503667482,4
HNRNPA1,33.711575,1.3717847,3.91220788746802e-249,1.2089794210053572e-246,0.012087912087912088,0.20381418092909537,4
SYTL3,33.692486,7.852663,7.4475806624409e-249,2.2401329621867234e-246,0.0,0.000293398533007335,4
CYTIP,33.48727,5.943991,7.384926660338859e-246,2.1358533401356962e-243,0.14395604395604394,0.16596577017114914,4
AC092580.4,33.45416,8.600861,2.239305788771007e-245,6.394493580871538e-243,0.0032967032967032967,0.00469437652811736,4
LSP1,33.402706,6.3503356,1.2523700974400009e-244,3.5315271285186224e-242,0.05054945054945055,0.08762836185819071,4
GZMA,33.38555,8.862045,2.2219584004054142e-244,6.112824335944602e-242,0.05824175824175824,0.08606356968215159,4
HLA-B,33.089085,0.9616415,4.2664902269717113e-240,1.1191599189564516e-237,0.10329670329670329,0.2280684596577017,4
YPEL5,32.78527,3.1593797,9.548936197021773e-236,2.3934939074290463e-233,0.04395604395604396,0.26444987775061124,4
CXCR4,32.70478,5.7104073,1.3356074299797766e-234,3.274996523142802e-232,0.0,0.0004889975550122249,4
COTL1,32.332867,3.142551,2.415827781468979e-229,5.797729672570074e-227,0.00989010989010989,0.12224938875305623,4
CCNI,32.256744,1.9744041,2.8296197685659293e-228,6.7193044588504e-226,0.36813186813186816,0.820440097799511,4
STK4,32.21496,4.223513,1.089686579046322e-227,2.5342514986294826e-225,0.14945054945054945,0.181320293398533,4
LCN2,40.48586,3.8539815,0.0,0.0,0.0012578616352201257,0.0007736943907156673,5
CEACAM5,39.297607,2.588017,0.0,0.0,0.0,0.00048355899419729207,5
ASS1,38.764572,3.0916708,0.0,0.0,0.0,0.0005802707930367504,5
PLA2G2A,38.70286,2.797137,0.0,0.0,0.0012578616352201257,0.0022243713733075435,5
DUOX2,37.92703,5.867838,0.0,0.0,0.0,0.00038684719535783365,5
MUC12,37.64972,2.3818831,3.3065567715148e-310,1.2432102368100362e-306,0.5333333333333333,0.45551257253384914,5
PI3,37.407196,3.9724858,2.9845680332557936e-306,8.416108782777182e-303,0.028930817610062894,0.02456479690522244,5
SEPP1,37.097023,3.2845402,3.137820653199933e-301,6.435099646867026e-298,0.06540880503144654,0.05938104448742747,5
MUC1,36.27148,2.9304142,4.557340925592441e-288,7.343503852888562e-285,0.0037735849056603774,0.00609284332688588,5
CEACAM6,35.553967,3.5702848,7.215270459505832e-277,7.398603922545094e-274,0.7257861635220125,0.7228239845261122,5
CEACAM7,35.01911,3.2838113,1.1516028773852077e-268,9.621855300345519e-266,0.06415094339622641,0.05686653771760155,5
MUC13,34.776432,2.238783,5.525505404971328e-265,3.777268982749945e-262,0.0,0.0009671179883945841,5
CEACAM1,34.63333,3.147823,7.961319215441558e-263,4.854037842733679e-260,0.0037735849056603774,0.008413926499032881,5
PLAC8,34.282127,2.6420736,1.449122370636495e-257,7.783512275997308e-255,0.0,0.0037717601547388783,5
IFI27,33.856594,1.9006357,2.9025042532607733e-251,1.2838743813590155e-248,0.0,0.0012572533849129594,5
CLCA4,33.39773,3.7375085,1.4789796010515088e-244,6.06623651274927e-242,0.0,0.0005802707930367504,5
TRIM31,33.248077,3.302466,2.1762466807347855e-242,8.464473943223453e-240,0.018867924528301886,0.015570599613152804,5
ISG15,33.116764,3.3650844,1.7051700929833357e-240,6.411155354601845e-238,0.01509433962264151,0.04235976789168278,5
CDHR5,32.04521,2.3356447,2.5599712339458095e-225,7.598735666655725e-223,0.0,0.0002901353965183752,5
DUOXA2,31.911934,5.6762176,1.823905014674579e-223,5.143184153255478e-221,0.0,0.0018375241779497098,5
HK2,31.705404,3.2711165,1.3088392855211691e-220,3.645198202724945e-218,0.04654088050314465,0.1736943907156673,5
TSPAN1,31.462528,2.0269978,2.8293340394915714e-217,7.783773975230532e-215,0.012578616352201259,0.007446808510638298,5
SLC40A1,31.161896,3.9551046,3.499930182010857e-213,9.399395830474157e-211,0.027672955974842768,0.007156673114119922,5
PLEC,30.6916,2.7096052,7.36767040525595e-207,1.9104284674961954e-204,0.0,0.0002901353965183752,5
TMEM54,30.616367,1.7303355,7.412625404517327e-206,1.9002433693239362e-203,0.022641509433962263,0.026885880077369438,5
PIGR,30.135612,0.96619713,1.655759344752553e-199,4.016373662179876e-197,0.2679245283018868,0.2608317214700193,5
MYO15B,29.290092,2.9748,1.3868395750404201e-188,3.1924197931976365e-186,0.8540880503144654,0.29845261121856864,5
GCNT3,29.179491,2.9530256,3.531122839183424e-187,7.965860012913887e-185,0.13836477987421383,0.05851063829787234,5
NEAT1,29.162312,0.97501594,5.831963929529347e-187,1.3026066761015103e-184,0.006289308176100629,0.010735009671179884,5
B2M,29.123533,0.75608516,1.8080187653293245e-186,3.9987348359866896e-184,0.0,0.0002901353965183752,5
MXD1,28.906023,2.2523196,1.0029552469226105e-183,2.1966667393521522e-181,0.06289308176100629,0.06856866537717601,5
TMC5,28.845272,3.0998933,5.808126380646221e-183,1.2478621240095059e-180,0.055345911949685536,0.05657640232108317,5
MDK,28.776497,2.8468158,4.223081191086506e-182,8.987593263181178e-180,0.03773584905660377,0.023984526112185687,5
MYH14,28.63489,2.232015,2.4724618225820145e-180,5.070569659602514e-178,0.0012578616352201257,0.004158607350096712,5
DST,28.567957,2.6329842,1.68092785523595e-179,3.41622085461872e-177,0.005031446540880503,0.03433268858800774,5
ISG20,28.427027,2.7038112,9.373246321509004e-178,1.8879559264903717e-175,0.0012578616352201257,0.014313346228239845,5
TMPRSS2,28.398289,2.3990743,2.1229467757788784e-177,4.2381908243182053e-175,0.43522012578616354,0.4425531914893617,5
EPCAM,28.308897,1.0810764,2.6856510811134114e-176,5.268313281638039e-174,0.0037735849056603774,0.029787234042553193,5
MISP,28.232576,1.7154603,2.329605688432346e-175,4.530480579771146e-173,0.37735849056603776,0.17359767891682784,5
KRT20,28.01589,2.1944153,1.0405383312657602e-172,1.9892800182223968e-170,0.0,0.0002901353965183752,5
PLS1,27.89665,2.4027092,2.9297079762995127e-171,5.507606853111726e-169,0.13333333333333333,0.1665377176015474,5
SLC26A3,27.889032,2.5505888,3.624464569637782e-171,6.757379853426341e-169,0.01761006289308176,0.003578336557059961,5
HLA-E,27.801083,1.4506207,4.208901283474889e-170,7.782672463435247e-168,0.08553459119496855,0.08452611218568665,5
CLDN7,27.659632,1.1223005,2.1374595949766785e-168,3.9202399189495037e-166,0.06289308176100629,0.08539651837524177,5
S100P,27.296,2.2963173,4.7317869164817395e-164,8.608417826525126e-162,0.17735849056603772,0.22098646034816247,5
DHRS9,27.221733,2.9053874,3.592520073894187e-163,6.432036535474521e-161,0.2930817610062893,0.2428433268858801,5
LMO7,27.188421,2.271104,8.902483473301599e-163,1.5813474383796125e-160,0.0012578616352201257,0.00038684719535783365,5
SAMD9,26.98446,3.8051634,2.249296669892773e-160,3.933479346985354e-158,0.2088050314465409,0.10570599613152805,5
HLA-A,26.875893,0.67054844,4.203131638097807e-159,7.293726663372956e-157,0.6830188679245283,0.7911992263056092,5
XDH,26.700947,3.5676308,4.58924469456741e-157,7.902959623263069e-155,0.1459119496855346,0.18123791102514505,5
LEFTY1,26.642464,3.0185647,2.1882816279122988e-156,4.936544524407355e-153,0.0,0.0008668015024559376,6
GMNN,26.563614,2.645031,1.788121018004679e-155,3.6671110950152323e-152,0.0013297872340425532,0.00038524511220263893,6
RARRES2,25.244843,2.4319534,1.2903077296069613e-140,2.239080928631034e-137,0.0013297872340425532,0.00048155639025329865,6
ADH1C,24.300827,2.57446,1.921242647171343e-130,2.708832054846145e-127,0.0013297872340425532,0.002215159395165174,6
C1QBP,22.961899,2.0552435,1.1207266737071882e-116,1.330656475376866e-113,0.0026595744680851063,0.00019262255610131947,6
IMPDH2,22.916927,2.3094609,3.150391969543103e-116,3.5534846220461426e-113,0.6329787234042553,0.44861793315997306,6
SLC12A2,22.813864,2.4363148,3.340143918313593e-115,3.5881098406303023e-112,0.04521276595744681,0.023403640566310314,6
TRABD2A,22.325556,2.4291055,2.086759101486528e-110,1.8830079428173837e-107,0.05585106382978723,0.06009823750361167,6
EDN1,22.280357,2.1749263,5.729995567451958e-110,4.971652692544182e-107,0.010638297872340425,0.005586054126938265,6
SET,21.86266,1.8325434,5.89113452717059e-106,4.922151992534865e-103,0.8417553191489362,0.714437060579794,6
MLEC,21.643291,1.866502,7.030014975802342e-104,5.468624408245691e-101,0.026595744680851064,0.059616681113358376,6
MARCKSL1,21.501192,1.8545103,1.5174285864534702e-102,1.1042474671549624e-99,0.0026595744680851063,0.0007704902244052779,6
HSPD1,20.995678,1.5975953,7.183003255147975e-98,4.5011491786911984e-95,0.013297872340425532,0.0077049022440527784,6
LDHB,20.817883,1.9989117,2.980735668724221e-96,1.7695372618618342e-93,0.006648936170212766,0.003274583453722431,6
RPL7P9,20.804348,1.963427,3.952955028477306e-96,2.286531089421014e-93,0.0013297872340425532,0.0011557353366079169,6
NME1,20.647844,2.020749,1.0207360133770616e-94,5.6162887136032035e-92,0.0013297872340425532,0.00048155639025329865,6
LRRC75A-AS1,20.614246,1.3328439,2.044840907112036e-94,1.0983230005604861e-91,0.023936170212765957,0.015217181932004237,6
PPP1R1B,20.518936,1.8463715,1.4586965103976855e-93,7.652728971642183e-91,0.08776595744680851,0.03698353077145334,6
MYC,20.20742,2.717414,8.423705404434105e-91,3.9589660462214366e-88,0.0,0.0002889338341519792,6
EIF3E,20.14873,1.7368537,2.7611537389794785e-90,1.2712013713803685e-87,0.003989361702127659,0.0015409804488105557,6
EIF3L,20.11923,1.8456699,5.007977383646269e-90,2.259499235953524e-87,0.425531914893617,0.14571896369064818,6
RSL1D1,19.794792,1.9910074,3.301156035733124e-87,1.4602113531392851e-84,0.015957446808510637,0.00722334585379948,6
APEX1,19.49218,2.2475421,1.2791276832388406e-84,5.343674334478705e-82,0.0026595744680851063,0.009053260136762015,6
RANBP1,19.086754,1.773392,3.253758430936338e-81,1.2877462533946113e-78,0.0,0.0002889338341519792,6
GDF15,18.96158,1.8300251,3.543351574706587e-80,1.3104011176033751e-77,0.07579787234042554,0.023018395454107676,6
EBPL,18.823345,2.219002,4.861682341322266e-79,1.7689466441595e-76,0.42154255319148937,0.24973514398536067,6
SNRPE,18.79455,1.7514181,8.368611007418432e-79,2.9966269161325774e-76,0.06382978723404255,0.3579890205143022,6
MGST1,18.773922,1.4894682,1.234290970862809e-78,4.350682814327204e-76,0.08776595744680851,0.06250601945487817,6
ESD,18.7647,1.9481963,1.4682569340811823e-78,5.0957551039903674e-76,0.0026595744680851063,0.01097948569777521,6
CCND2,18.699945,2.063872,4.95551598456432e-78,1.643992427879213e-75,0.0,0.0002889338341519792,6
RPSAP58,18.545105,1.4872272,8.932752774962052e-77,2.838224927469985e-74,0.07047872340425532,0.06799576230376578,6
PEBP1,18.521414,1.4598877,1.3874284711833552e-76,4.3470831779757376e-74,0.10904255319148937,0.052682269093710876,6
RPL5,18.438969,1.0742362,6.394917294888337e-76,1.976204647334055e-73,0.04521276595744681,0.023499951844360975,6
CCT2,17.932533,1.8204969,6.571523900726614e-72,1.8765444009682492e-69,0.005319148936170213,0.0038524511220263892,6
BZW2,17.906042,2.0051718,1.057951024959297e-71,2.946458910130467e-69,0.0026595744680851063,0.034383126264085524,6
HNRNPA1P48,17.80795,1.8368798,6.131603815862729e-71,1.6868640302688698e-68,0.0,0.0143503804295483,6
EIF1AX,17.75863,1.5883678,1.4779391781700272e-70,3.969146419087815e-68,0.5718085106382979,0.4326302610035635,6
NPM1,17.752106,1.4671521,1.6601093878789604e-70,4.405930315430761e-68,0.06515957446808511,0.02523355484927285,6
HNRNPH1,17.683023,1.4888839,5.6674375100231534e-70,1.4695600320530151e-67,0.02925531914893617,0.1996532793990176,6
SRSF3,17.640783,1.342204,1.1978782327315223e-69,3.0707880741125466e-67,0.0026595744680851063,9.631127805065973e-05,6
UBE2Q2P6,17.631914,1.3294187,1.401409385480604e-69,3.552179137871567e-67,0.28058510638297873,0.15573533660791677,6
TRAP1,17.502249,2.2013905,1.377240754689041e-68,3.4141949653879204e-66,0.005319148936170213,0.004526630068381008,6
KLF5,17.496204,1.4177511,1.5314187395622007e-68,3.7551386245417045e-66,0.11037234042553191,0.08273138784551672,6
FBL,17.33406,1.6352088,2.602826785023336e-67,6.116371817014732e-65,0.1502659574468085,0.07897524800154097,6
SUCLG1,17.301926,1.4477272,4.549299666936225e-67,1.0580170225403536e-64,0.3550531914893617,0.20793604931137435,6
SRSF6,17.144146,1.7090207,6.95119315395236e-66,1.5224462753399152e-63,0.24601063829787234,0.24646056053163826,6
GGCT,17.10996,1.8150192,1.2508418654561405e-65,2.6874039659833406e-63,0.0,0.00048155639025329865,6
CCT6A,17.082382,1.746897,2.0075110222603344e-65,4.272400108601027e-63,0.15159574468085107,0.1102764133680054,6
SERBP1,17.002234,1.4326967,7.904989862679427e-65,1.6666230496465904e-62,0.8457446808510638,0.7789656168737359,6
NHP2,16.919436,1.579237,3.2351851950042974e-64,6.695646129734123e-62,0.28058510638297873,0.17133776365212366,6
CA1,32.267094,2.916086,2.025745869526781e-228,4.569880107065466e-224,0.0,0.0008564087924636027,7
AMN,29.436308,1.9044865,1.8849017446377057e-190,2.1260749228641e-186,0.0,0.0004757826624797792,7
S100P,29.079884,2.6436448,6.449459910810561e-186,4.849778870932514e-182,0.0,0.0005709391949757351,7
CST3,28.799782,1.1414784,2.158443468049034e-182,1.217308154892954e-178,0.001597444089456869,0.0021886002474069844,7
MUC12,27.380938,1.9663029,4.626051203520475e-165,2.0871817820043674e-161,0.0,0.0003806261299838234,7
KRT19,27.221552,1.1855981,3.6102828829723033e-163,1.357406192616203e-159,0.6086261980830671,0.45227899895327817,7
PIGR,26.86784,0.9271799,5.220046311607993e-159,1.6822717820509247e-155,0.054313099041533544,0.02312303739651727,7
PLA2G2A,26.672274,2.1980984,9.874569401744546e-157,2.78450513917444e-153,0.09744408945686901,0.05756970216005329,7
SFN,25.113516,1.676082,3.540354412208291e-139,8.874095020556316e-136,0.007987220447284345,0.005804548482253306,7
C19orf33,24.400858,1.3119876,1.6746965364878116e-131,3.777947916662854e-128,0.889776357827476,0.7131030545246931,7
PHLDA2,24.044312,1.5419391,9.57368939426503e-128,1.9633896276838618e-124,0.2364217252396166,0.04672185745551432,7
CA2,24.030022,1.8410318,1.3505406078144857e-127,2.5389037976405815e-124,0.001597444089456869,0.0008564087924636027,7
MUC13,23.93363,1.7340264,1.368307171371329e-126,2.3744339599204474e-123,0.007987220447284345,0.008088305262156247,7
VSIG2,22.882427,1.8396287,6.952187548427115e-116,1.120245706464052e-112,0.003194888178913738,0.0035207917023503663,7
CKB,22.846796,1.4328631,1.5725704864790825e-115,2.365041173632108e-112,0.0,0.001237034922447426,7
CLDN4,22.446064,0.9089625,1.3981781308372279e-111,1.971343778347314e-108,0.0,0.0005709391949757351,7
ITM2C,22.409006,1.0655164,3.215346049712322e-111,4.266764207968251e-108,0.004792332268370607,0.016462080121800362,7
RP1-313I6.12,22.05525,1.974427,8.50607843367939e-108,1.0660479076965188e-104,0.025559105431309903,0.04129793510324484,7
AOC1,21.967016,1.901541,5.95534540107431e-107,7.070875626465019e-104,0.0,0.00028546959748786756,7
MT-ND3,21.858383,0.5334949,6.469463583164588e-106,7.297231448630496e-103,0.0,0.0018079741174231612,7
PPDPF,21.593832,0.6135416,2.0526336034816223e-103,2.2050172124258058e-100,0.05750798722044728,0.17099628889523266,7
ARL14,21.542326,1.767449,6.24898134992055e-103,6.407762285129895e-100,0.003194888178913738,0.008088305262156247,7
FXYD3,21.471947,1.0550013,2.848345179779183e-102,2.7937312569842865e-99,0.006389776357827476,0.008754400989627938,7
PHGR1,21.05041,0.6745291,2.2671179173456508e-98,2.1309963790583555e-95,0.0,0.00028546959748786756,7
UQCR11.1,20.645294,0.73398596,1.0760759011670644e-94,9.710078501771123e-92,0.019169329073482427,0.02702445522885146,7
AREG,20.55296,1.4079108,7.241252997253702e-94,6.282901014040241e-91,0.21565495207667731,0.26405937767627746,7
FABP1,20.470997,1.2169147,3.905465625031442e-93,3.2630888531512707e-90,0.2715654952076677,0.34208773432296125,7
S100A16,20.403595,1.4015148,1.5536587154812852e-92,1.2517495343765112e-89,0.04153354632587859,0.06556285088971357,7
ACTG1,20.299025,0.38575345,1.311637106894181e-91,1.0203179825664079e-88,0.003194888178913738,0.010847844704538966,7
MT-RNR1,20.287172,0.59253985,1.6692235931932173e-91,1.2552005012948597e-88,0.0,0.00028546959748786756,7
MT-ND2,20.259478,0.43956113,2.930596654965991e-91,2.1326235464315418e-88,0.06389776357827476,0.06841754686459225,7
MT-ND5,20.13315,0.63353026,3.781768928084457e-90,2.6660289140205392e-87,0.038338658146964855,0.05756970216005329,7
NDUFA1,19.728188,0.80232555,1.2352216316326715e-86,8.444049935758012e-84,0.007987220447284345,0.025977733371395945,7
CTSD,19.544195,1.1888902,4.6221816185377094e-85,3.06681750389977e-82,0.0,0.0041868874298220575,7
CDHR5,19.334883,1.7088531,2.732860462065213e-83,1.761445690392261e-80,0.001597444089456869,0.0340660386335522,7
PRSS3,19.149618,1.4864314,9.749758738297719e-82,6.109577982701618e-79,0.001597444089456869,0.014083166809401465,7
COX5B,19.091814,0.61351234,2.95330224658256e-81,1.8006363616393505e-78,0.512779552715655,0.43781520601389284,7
FAM3D,18.848145,1.1286588,3.0433102274704825e-79,1.8066851426712267e-76,0.011182108626198083,0.02892758587877058,7
FAM46A,18.840792,1.7685617,3.4969528422311523e-79,2.0227630555869888e-76,0.3961661341853035,0.17575411552003045,7
C10orf99,18.813135,1.2388502,5.894734878651092e-79,3.32448310318725e-76,0.0,0.00028546959748786756,7
SDCBP2,18.6908,1.6468863,5.882422385401023e-78,3.2366235754210167e-75,0.11501597444089456,0.16709487106289847,7
MT-CO1,18.572409,0.34230044,5.3738241617287436e-77,2.8863833158199697e-74,0.001597444089456869,0.004757826624797792,7
NEAT1,18.506668,0.6968472,1.8244116429485456e-76,9.571372617040987e-74,0.07667731629392971,0.08506994005138453,7
MT-RNR2,18.268637,0.3784599,1.4708113991673343e-74,7.540916898594522e-72,0.05910543130990415,0.08526025311637644,7
SELENBP1,18.230082,1.3808717,2.978815435141241e-74,1.4933132755855837e-71,0.17731629392971246,0.22028737272813778,7
CYP3A5,18.207907,1.7105153,4.466976323904612e-74,2.1906634541513946e-71,0.36900958466453676,0.23912836616233704,7
KRT20,17.990538,1.7210692,2.3110315895778694e-72,1.1092459921124927e-69,0.0,0.0004757826624797792,7
TSC22D1,17.98769,1.2939608,2.4328860326116686e-72,1.1434057502018048e-69,0.134185303514377,0.11180892568274813,7
UQCRQ,17.869497,0.69501,2.0382580458418554e-71,9.196212651229284e-69,0.8881789137380192,0.7772385574269673,7
RNASE1,17.818136,1.8966342,5.111123864975975e-71,2.260820456274373e-68,0.15175718849840256,0.18032162907983634,7
GUCA2A,33.960278,3.3498697,8.601907363265218e-253,1.9405042820790005e-248,0.0,0.0008489765116498443,8
AQP8,33.064583,4.4488535,9.602243838341002e-240,1.0830850937456733e-235,0.0,0.00047165361758324685,8
GUCA2B,33.00473,3.8616095,6.947471674672116e-239,4.112142310400078e-235,0.0,0.0005659843410998962,8
PRAP1,33.00327,3.1592863,7.291355663637711e-239,4.112142310400078e-235,0.0018726591760299626,0.0021696066408829354,8
SFN,32.78644,2.230637,9.188510487440262e-236,4.145672161723297e-232,0.0,0.0003773228940665975,8
SRI,32.520184,2.032164,5.529045516138601e-232,2.0788289633095116e-228,0.4232209737827715,0.4629751910197151,8
FTH1P10,31.705606,1.6317621,1.3004733380839231e-220,4.191054004833604e-217,0.0299625468164794,0.024620318837845486,8
CLDN23,31.54274,3.164899,2.2550906242970665e-218,6.359073674189691e-215,0.10112359550561797,0.05773040279218942,8
AGPAT2,31.218416,2.2425306,5.993291444694094e-214,1.5022517966761563e-210,0.011235955056179775,0.005659843410998963,8
CRIP1,31.201502,3.1064377,1.0166506017399009e-213,2.2934620924650422e-210,0.8314606741573034,0.7175738137911518,8
EMP1,31.037842,3.3428369,1.664634795090147e-211,3.413863303858057e-208,0.035580524344569285,0.058485048580322614,8
SLC26A3,30.721685,3.1572812,2.9221334448277432e-207,5.493367365155754e-204,0.0,0.0009433072351664937,8
IL32,30.704226,2.5585167,4.9984572963391246e-207,8.673861396008794e-204,0.0018726591760299626,0.008395434392981795,8
CD9,30.31244,1.7664412,7.859301628024516e-202,1.2664141816186076e-198,0.0056179775280898875,0.0033959060465993773,8
PRSS3,29.983206,2.2571783,1.624842695842658e-197,2.4436550917009682e-194,0.003745318352059925,0.0010376379586831432,8
SDCBP2,29.68351,2.5400906,1.2536370053480568e-193,1.7675498252279259e-190,0.0,0.0005659843410998962,8
FTH1,29.60495,0.8209223,1.290394020522457e-192,1.7123528652333005e-189,0.003745318352059925,0.016413545891896992,8
PKIB,29.573687,2.8052983,3.2578795685967135e-192,4.0830280659985144e-189,0.0056179775280898875,0.04216583341194227,8
PLAUR,29.313408,3.0918167,6.9983298939020895e-189,8.309227582975644e-186,0.0,0.0002829921705499481,8
RHOC,29.071161,2.2240067,8.313790853684593e-186,9.377540393413535e-183,0.0,0.0017922837468163381,8
DDAH2,28.964172,2.6691043,1.8607337609830806e-184,1.998871091143682e-181,0.0449438202247191,0.1706442788416187,8
FXYD3,28.931404,1.4105977,4.809782223346849e-184,4.931994417112799e-181,0.003745318352059925,0.008018111498915197,8
MS4A12,28.904335,3.2674072,1.0531589625508793e-183,1.0329657841819689e-180,0.009363295880149813,0.008584095840015092,8
PLAC8,28.877514,2.6669867,2.2878434380031786e-183,2.150477504913071e-180,0.0,0.0002829921705499481,8
CLCA4,28.653067,3.5653749,1.468080878713016e-180,1.3247374617154772e-177,0.00749063670411985,0.027544571266861616,8
FABP1,28.608702,1.6096364,5.236648444052161e-180,4.543598163437412e-177,0.15917602996254682,0.2664842939345345,8
TSPAN1,28.58953,2.1485946,9.066793577726056e-180,7.575473937774893e-177,0.5074906367041199,0.3295915479671729,8
KRT20,28.270346,2.4877129,8.003506467959071e-176,6.4482536575245966e-173,0.024344569288389514,0.06622016790868786,8
RHOF,28.17045,3.1634433,1.3463015600524434e-174,1.047283341145623e-171,0.0018726591760299626,0.010848033204414678,8
CA4,27.988007,3.4146414,2.274009811934111e-172,1.709979578247387e-169,0.0,0.0002829921705499481,8
PRDX6,27.913296,2.0848649,1.8401131049094546e-171,1.3390681139887866e-168,0.1348314606741573,0.06480520705593812,8
MYL12B,27.697485,1.4740721,7.486615443982383e-169,5.277829931274956e-166,0.04307116104868914,0.05716441845108952,8
CDA,27.664118,3.1998646,1.8877440785948353e-168,1.290473293000633e-165,0.00749063670411985,0.02584661824356193,8
BSG,27.54267,1.4479781,5.4170116359622076e-167,3.594187220460925e-164,0.0018726591760299626,0.004056221111215923,8
CD177,27.524574,3.2987077,8.921027311809657e-167,5.749984432203259e-164,0.0,0.033864729742477125,8
SULT1A1,27.4096,2.84851,2.1074690205240817e-165,1.3206220453889656e-162,0.0,0.014055277803980757,8
DHRS9,27.40201,3.2666736,2.5953656384174716e-165,1.5824014442448578e-162,0.4550561797752809,0.4413734553344024,8
CLDN4,26.86444,1.0959693,5.719959764503304e-159,3.308630059677693e-156,0.00749063670411985,0.02895953211961136,8
EPCAM,26.80128,1.241252,3.122233246193046e-158,1.760861495021723e-155,0.30711610486891383,0.18215262711064995,8
CFL1,26.788427,0.7037543,4.407861345742828e-158,2.4252913194783527e-155,0.0,0.0002829921705499481,8
ARL14,26.765144,2.2465172,8.229141273038177e-158,4.420028523296863e-155,0.1348314606741573,0.1656447504952363,8
MYL12A,26.681818,1.5024627,7.652092959605856e-157,4.0145015133895e-154,0.003745318352059925,0.004622205452315819,8
LGALS3,26.605417,1.0540534,5.875769218619422e-156,2.9455883956185673e-153,0.054307116104868915,0.08612395057070088,8
ETHE1,26.57051,1.8389825,1.4883166006493683e-155,7.29889873783676e-153,0.07677902621722846,0.08414300537685124,8
SLC51B,26.538834,3.1772404,3.4557053945575925e-155,1.6586650637409517e-152,0.250936329588015,0.21620601830016037,8
TMIGD1,26.295843,3.8090038,2.139614144123254e-152,1.00557407244326e-149,0.3857677902621723,0.2394113762852561,8
HIGD1A,26.04264,2.1437497,1.6300248233913456e-149,7.354345998177074e-147,0.0018726591760299626,0.0003773228940665975,8
CLTB,25.902548,1.6666842,6.2338207295730314e-148,2.757426702714471e-145,0.13857677902621723,0.11178190736722951,8
CEACAM1,25.838495,2.8707263,3.2770250854268696e-147,1.42166170965663e-144,0.8895131086142322,0.7781341382888407,8
C11orf86,25.736143,3.6232905,4.607578385247575e-146,1.9611766187320761e-143,0.11423220973782772,0.18196396566361664,8
LCN2,27.924608,3.3658054,1.3412565295861557e-171,3.0257406050934086e-167,0.0021551724137931034,0.0007496954362290319,9
OLFM4,25.879665,3.5667539,1.1282992605436197e-147,8.484434339534505e-144,0.0,0.00046855964764314496,9
HLA-DRA,25.217598,3.4157798,2.568679150777347e-140,1.4486708240596544e-136,0.0021551724137931034,0.00046855964764314496,9
IFITM3,24.85642,2.853378,2.2038956766395796e-136,9.943536513862455e-133,0.008620689655172414,0.0018742385905725798,9
PI3,23.804667,2.9617205,2.988106063488848e-125,1.123478078104082e-121,0.0,0.00037484771811451597,9
CD74,23.76409,2.8472776,7.85719764764702e-125,2.5321503104752732e-121,0.7047413793103449,0.4504732452441196,9
HLA-DRB1,22.803822,2.7391722,4.201719952008692e-115,8.616963672487644e-112,0.015086206896551725,0.025302220972729828,9
DMBT1,22.405756,3.785399,3.45867530502234e-111,6.502021350499914e-108,0.07758620689655173,0.059038515603036266,9
HLA-DRB5,21.324608,3.3985648,6.711363615174609e-101,7.20960246641543e-98,0.015086206896551725,0.00552900384218911,9
PLA2G2A,20.14571,1.9847059,2.934757071782942e-90,2.0062177206773146e-87,0.8318965517241379,0.7183019398369412,9
CASP1,19.3521,2.815489,1.9570082370175973e-83,1.0511464004495233e-80,0.03879310344827586,0.05819510823727861,9
SAA1,19.312696,3.7357736,4.2005470393344846e-83,2.20372420140341e-80,0.0,0.0009371192952862899,9
NOX1,18.950222,2.9103708,4.397281358517406e-80,2.110601492910514e-77,0.004310344827586207,0.008246649798519351,9
GPX2,18.800365,1.6634898,7.499701279988567e-79,3.5247033578179596e-76,0.008620689655172414,0.003279917533502015,9
PDZK1IP1,18.728249,2.3280325,2.9134356654368185e-78,1.314483903531784e-75,0.0,0.001218255083872177,9
CXCL1,18.444868,3.0405707,5.733819399435365e-76,2.5362594476835762e-73,0.0,0.000562271577171774,9
BACE2,17.711569,2.412324,3.4142655445644336e-70,1.222578038409985e-67,0.08189655172413793,0.012932246274950801,9
FERMT1,17.33004,2.181312,2.7913454770053895e-67,8.745828141078415e-65,0.10129310344827586,0.037765907600037486,9
HLA-DMA,17.289383,2.7517307,5.6555173758329664e-67,1.7477098148139164e-64,0.0021551724137931034,0.00018742385905725798,9
RCN1,17.23476,2.4820707,1.4565362639514718e-66,4.3810668771308336e-64,0.0,0.0017805266610439509,9
SLPI,17.072655,1.9555928,2.3716986355673752e-65,6.859378143559541e-63,0.4396551724137931,0.15265673320213663,9
B3GNT7,16.99597,2.1378894,8.796243130757727e-65,2.511828465655235e-62,0.023706896551724137,0.007122106644175803,9
HLA-DPA1,16.86764,2.8132534,7.784647342784392e-64,2.1951732425734138e-61,0.010775862068965518,0.008527785587105239,9
DUOX2,16.801872,2.5351307,2.3646034752882564e-63,6.58556664185528e-61,0.0,0.000281135788585887,9
HLA-DQB1,16.791103,2.59359,2.835259286710068e-63,7.800074908401517e-61,0.08836206896551724,0.023896542029800395,9
PPA1,16.395966,1.6415542,2.0436676399138517e-60,5.238988441910975e-58,0.3922413793103448,0.2556461437540999,9
PSMB9,16.083685,1.9110339,3.320238892902722e-58,7.721780328349742e-56,0.47413793103448276,0.3322087901789898,9
SCD,15.935608,2.9301074,3.586955623422096e-57,7.933150187135202e-55,0.21767241379310345,0.0575391247305782,9
LEFTY1,15.885759,2.3183556,7.95290530337823e-57,1.741840686785529e-54,0.01293103448275862,0.010308312248149189,9
IFITM2,15.822663,1.9437845,2.1711187648963433e-56,4.664596973075868e-54,0.0,0.000281135788585887,9
EI24,15.642794,1.9440386,3.720417473159075e-55,7.629899797908688e-53,0.06896551724137931,0.06812857276731328,9
CD47,15.583511,1.9901085,9.423373408568545e-55,1.8980525064633733e-52,0.13793103448275862,0.05294724018367538,9
SPINK5,15.574025,2.3391907,1.0930692863450144e-54,2.1821725690847064e-52,0.10775862068965517,0.02136631993252741,9
IDH2,15.402181,1.7926319,1.5824073930992365e-53,3.10413290268919e-51,0.008620689655172414,0.0037484771811451597,9
IGKC,15.384485,2.3434596,2.0802359310148917e-53,4.04552089377284e-51,0.004310344827586207,0.03345515884172055,9
MLEC,15.323765,1.6895084,5.3053882123591275e-53,1.014273327818725e-50,0.004310344827586207,0.013775653640708463,9
TAP1,15.186979,1.8998641,4.3134239655990194e-52,8.108877603329024e-50,0.7047413793103449,0.4306063161840502,9
SLC12A2,15.170781,1.9206696,5.52156129545352e-52,1.0294289360672394e-49,0.08189655172413793,0.025583356761315717,9
PKP2,15.130138,1.7848816,1.0247983809520961e-51,1.879546884219377e-49,0.2349137931034483,0.1861118920438572,9
SYNGR2,14.96016,1.6344304,1.337033323167107e-50,2.393820217248156e-48,0.0021551724137931034,0.00018742385905725798,9
CXCL3,14.913306,1.8300773,2.700415032970946e-50,4.7967450967552425e-48,0.45689655172413796,0.15143847811826444,9
SOD3,14.809803,2.366061,1.2661017114061182e-49,2.2141076362488854e-47,0.01293103448275862,0.004217036828788305,9
ZG16B,14.742636,1.8081262,3.431289155223748e-49,5.954342465591733e-47,0.16163793103448276,0.08124824290132134,9
CKAP4,14.690206,1.9431556,7.448793671762928e-49,1.2827277590938923e-46,0.1875,0.07928029238122013,9
PDIA6,14.658716,1.6085004,1.184924809536053e-48,1.9948297595764046e-46,0.44612068965517243,0.20794677162402775,9
ASPH,14.603689,1.7751632,2.660495465976014e-48,4.413096854187713e-46,0.3706896551724138,0.24102708274763376,9
TMC5,14.531026,1.692272,7.705743821426966e-48,1.2596657599099342e-45,0.0,0.00046855964764314496,9
SPINK1,14.500717,1.6386119,1.198906715299743e-47,1.9457652223343097e-45,0.21767241379310345,0.10851841439415237,9
TRIM2,14.483523,1.8677754,1.5399699134973862e-47,2.463842643871456e-45,0.915948275862069,0.777715303158092,9
FAM3C,14.430341,1.9938784,3.334306480942726e-47,5.2600433499011857e-45,0.33836206896551724,0.17177396682597695,9
ADH1C,20.705622,2.6948469,3.0823170350736996e-95,3.4766994997113793e-91,0.0022026431718061676,0.0007489935399307181,10
UQCRFS1,16.94972,1.5837109,1.933731152395036e-64,8.724608213375923e-61,0.0,0.0004681209624566988,10
MGST1,16.544792,1.6105208,1.74567292027967e-61,5.625805058369868e-58,0.0,0.0005617451549480386,10
ATP5F1,15.800161,1.5800991,3.1032033760800883e-56,7.778351662332302e-53,0.006607929515418502,0.001966108042318135,10
SUCLG1,15.203118,1.5134784,3.371787494053515e-52,6.338679506529436e-49,0.0,0.00037449676996535904,10
ATP5A1,14.980646,1.4184626,9.825779323733721e-51,1.4777317050940601e-47,0.5991189427312775,0.4552008238928939,10
B3GNT7,14.886791,1.9949523,4.0158792823575616e-50,5.329071807688484e-47,0.037444933920704845,0.02434229004774834,10
CD24,14.781345,1.200634,1.932658444016078e-49,2.2946758862399318e-46,0.07268722466960352,0.05926411384701807,10
CFTR,14.669327,2.4158273,1.0134592586793523e-48,1.1431313708273754e-45,0.004405286343612335,0.005991948319445745,10
UGT2B17,14.565037,1.790292,4.687325967658938e-48,4.806426659291727e-45,0.7863436123348018,0.7203445370283681,10
NXPE4,14.027391,2.0121815,1.0597906251354357e-44,7.934123251732812e-42,0.12555066079295155,0.054489280029959744,10
UQCRC2,13.9579315,1.422895,2.8148492375956437e-44,1.984380748466254e-41,0.0,0.0009362419249133976,10
PDHA1,13.59771,1.7097857,4.131693195224305e-42,2.663053336887574e-39,0.004405286343612335,0.008238928939237899,10
NDUFAB1,13.206965,1.405716,7.998393882062024e-40,4.626558143216338e-37,0.006607929515418502,0.0033704709296882313,10
SLC44A1,13.085615,1.488562,3.979266930681437e-39,2.1373400640295843e-36,0.0,0.0012171145023874169,10
SLC26A2,12.6475115,1.5717322,1.1547511007081424e-36,5.427089600182288e-34,0.0022026431718061676,0.0004681209624566988,10
CA1,12.630875,1.6280575,1.4268286978205723e-36,6.437565718826859e-34,0.022026431718061675,0.0155416159535624,10
MAOA,12.5777235,1.4606373,2.7998128232415786e-36,1.2384505388138582e-33,0.06167400881057269,0.03950940923134538,10
NDUFA10,12.535701,1.4002396,4.761339161715447e-36,2.065597118252669e-33,0.0,0.0002808725774740193,10
SUCLG2,12.437843,1.3466802,1.628414274363022e-35,6.559892431313467e-33,0.0,0.0017788596573354554,10
MTCH2,12.401224,1.5581342,2.5736152190622627e-35,1.001003202186648e-32,0.30176211453744495,0.15878663046531225,10
LGALS2,12.37457,1.5125647,3.5880933675165743e-35,1.3490633046301067e-32,0.013215859030837005,0.007583559591798521,10
KLF5,12.27593,1.276957,1.219816197245325e-34,4.4383602570414977e-32,0.004405286343612335,0.008800674094185938,10
NDRG2,12.21745,1.5653678,2.5083000372075874e-34,8.981704847518407e-32,0.0,0.0002808725774740193,10
NDUFC2,12.115076,1.3523074,8.78830676877087e-34,3.0977408186984696e-31,0.05066079295154185,0.025559404550135754,10
GOLM1,12.061812,1.4011217,1.6804318742788738e-33,5.832132715670325e-31,0.21585903083700442,0.2632712292856474,10
ATP5B,11.896508,0.8867288,1.234033037656932e-32,4.093904602426872e-30,0.08370044052863436,0.3489373654152233,10
NDUFA9,11.894272,1.4857333,1.2675322620511418e-32,4.1440956955959e-30,0.10572687224669604,0.06244733639172362,10
GPI,11.86606,1.5299385,1.776371511480129e-32,5.56571735103892e-30,0.006607929515418502,0.010579533751521392,10
TMEM261,11.7857485,1.4312286,4.622935942433377e-32,1.3905174923380607e-29,0.0,0.0002808725774740193,10
FAM84A,11.681608,1.4089887,1.5827279766505293e-31,4.6369818734102975e-29,0.07268722466960352,0.06797116374871266,10
FAM120A,11.678455,1.3594161,1.6425359516229826e-31,4.750508786238828e-29,0.09030837004405286,0.05505102518490778,10
PKP2,11.62356,1.530049,3.128241885017756e-31,8.821251085514445e-29,0.03524229074889868,0.024529538432731018,10
ATP5G1,11.583385,1.1367593,5.003051253265983e-31,1.3933806570670038e-28,0.006607929515418502,0.00383859189214493,10
CES2,11.42379,1.3458741,3.1805364610284834e-30,8.644544822209825e-28,0.0,0.033611085104390974,10
C1QBP,11.41823,1.3798001,3.390692511749745e-30,9.106027663400297e-28,0.0,0.013950004681209625,10
TRABD2A,11.410061,1.6458802,3.724684903954266e-30,9.885313735094621e-28,0.6101321585903083,0.4348843741222732,10
SDHC,11.370162,1.4555773,5.887812062313213e-30,1.5444552594619046e-27,0.03303964757709251,0.02771276097743657,10
DLD,11.369103,1.7459334,5.959638364994217e-30,1.5453273778839602e-27,0.18722466960352424,0.1881846269075929,10
SELENBP1,11.360793,1.265017,6.55468915513296e-30,1.6803094619391413e-27,0.0,0.0002808725774740193,10
HMGCS2,11.314879,1.3407317,1.1075464856018716e-29,2.807319232437373e-27,0.28634361233480177,0.1589738788502949,10
MGST2,11.310922,1.2831753,1.1586624364201812e-29,2.904251767022541e-27,0.0022026431718061676,0.004681209624566988,10
MRPS33,11.2889185,1.418543,1.4885675066950447e-29,3.690175206981705e-27,0.11233480176211454,0.08341915550978372,10
CKMT1B,11.247716,1.318086,2.3766816291497373e-29,5.8277783556509695e-27,0.1211453744493392,0.08220204100739631,10
AKR1C3,11.126767,1.5712272,9.294567239937225e-29,2.2071172880604616e-26,0.31277533039647576,0.21383765565022,10
PTP4A1,11.08824,1.1518,1.4307541510232753e-28,3.327462153910729e-26,0.32599118942731276,0.243048403707518,10
PXMP2,11.084222,1.3972459,1.4964517665072608e-28,3.444740347003806e-26,0.0,0.0004681209624566988,10
FAM162A,11.076038,1.1344993,1.6396837878879076e-28,3.7363259162589197e-26,0.19383259911894274,0.10963392940735886,10
MGAT4B,10.96665,1.3216919,5.528269058342067e-28,1.2226688400699871e-25,0.8854625550660793,0.7791405299129295,10
GRSF1,10.960479,1.6535254,5.918544630629438e-28,1.296276197304558e-25,0.2709251101321586,0.17479636738133134,10
LCN2,27.342243,3.3898141,1.3354186396609242e-164,3.012570909211079e-160,0.002277904328018223,0.0007479431563201197,11
NUPR1,23.958904,2.3996706,7.462625038702926e-127,8.417467912404966e-123,0.0,0.0004674644727000748,11
GPX2,23.916729,1.8365802,2.0516590797229824e-126,1.5427792393156918e-122,0.0,0.0005609573672400897,11
OLFM4,23.766685,3.660121,7.386214172029875e-125,4.165640137670549e-121,0.009111617312072893,0.0018698578908002991,11
CD74,23.104494,2.821688,4.1725553001544675e-118,1.8825735003236924e-114,0.002277904328018223,0.00028047868362004487,11
GADD45GIP1,18.869305,1.7283028,2.039637999118256e-79,5.751524202763592e-76,0.4145785876993166,0.46297681376215405,11
PLA2G2A,18.230253,1.7982543,2.9694308887537363e-74,7.443043491043949e-71,0.011389521640091117,0.025430067314884067,11
HES1,17.802023,1.3399756,6.8162565791109626e-71,1.537679321681642e-67,0.04328018223234624,0.06048990276738968,11
SNORA76C,17.141178,2.1864972,7.3152549186876e-66,1.375206964255613e-62,0.009111617312072893,0.005796559461480928,11
SOX4,16.592892,1.9108964,7.844994477859871e-62,1.2641087887574347e-58,0.621867881548975,0.7271877337322363,11
CYBA,16.439812,0.7413876,9.922658032947333e-61,1.492301617101726e-57,0.08656036446469248,0.05618922961854899,11
SAT1,16.404318,0.6756258,1.7811632553806474e-60,2.5113288673832516e-57,0.0,0.0009349289454001496,11
RPS2,15.840026,0.6720773,1.64751962165234e-56,1.9561260602555335e-53,0.03644646924829157,0.006918474195961107,11
GSTP1,15.639325,0.79822165,3.928692410105046e-55,4.2203510514076065e-52,0.004555808656036446,0.0034592370979805533,11
RPL13,15.415105,0.5281266,1.2955950458016725e-53,1.328514938101815e-50,0.0,0.0012154076290201944,11
RPL35,15.387943,0.5653491,1.9720169659637113e-53,1.934205684138059e-50,0.0,0.0005609573672400897,11
SNHG5,15.250754,0.9927517,1.6274255486210365e-52,1.4685237180536786e-49,0.01366742596810934,0.015893792071802543,11
RPL18A,14.720373,0.5121955,4.770175939655666e-49,3.587013300756406e-46,0.022779043280182234,0.04113687359760658,11
TUBA1B,14.199772,0.9234867,9.191128566016881e-46,6.098313803552201e-43,0.0,0.00028047868362004487,11
MRPL12,14.195545,1.1931617,9.762424969072423e-46,6.292301282208708e-43,0.004555808656036446,0.0015893792071802542,11
RPS15,14.118535,0.39494514,2.9199690364685096e-45,1.689014910094695e-42,0.20956719817767655,0.16277112939416605,11
CXCL3,14.061999,1.8996105,6.50227839066115e-45,3.577680444266461e-42,0.00683371298405467,0.007853403141361256,11
MUC1,13.742326,1.5376807,5.6626913893964085e-43,2.9708059314742694e-40,0.004555808656036446,0.008788332086761406,11
HLA-DRA,13.711414,2.2722402,8.675002600332539e-43,4.4477132650204945e-40,0.0,0.00028047868362004487,11
RN7SK,13.604531,1.5996655,3.7637548831869045e-42,1.8065222640385825e-39,0.02050113895216401,0.026832460732984294,11
RPS19,13.506927,0.49596846,1.4234168045832894e-41,6.689762436373838e-39,0.4145785876993166,0.2550486163051608,11
IFITM3,13.33391,1.8518665,1.4698787036046213e-40,6.631798734923331e-38,0.3097949886104784,0.3392857142857143,11
RPL36,13.310232,0.42110518,2.0185421872936486e-40,8.928684941795572e-38,0.10933940774487472,0.062359760658189975,11
RPS11,13.262687,0.488531,3.8099641652897784e-40,1.6216788982032474e-37,0.0,0.010845175766641735,11
ELF3,12.85855,0.61239463,7.700739993524192e-38,3.102160598462719e-35,0.0,0.00028047868362004487,11
MUC5B,12.835479,1.5828189,1.0376005177727727e-37,4.1065315930589437e-35,0.09111617312072894,0.06722139117427076,11
RPS18,12.775928,0.39617735,2.234669507187296e-37,8.544391425870883e-35,0.09339407744874716,0.0549738219895288,11
RPLP0,12.752174,0.5371263,3.0317017081150106e-37,1.1211829316945332e-34,0.022779043280182234,0.02505609573672401,11
RPL28,12.744282,0.3153174,3.3546673793190483e-37,1.2206119582267486e-34,0.004555808656036446,0.003926701570680628,11
PTMA,12.63224,0.31336236,1.4022900766832244e-36,5.021311403158231e-34,0.00683371298405467,0.03328347045624533,11
AGR2,12.601934,0.7464168,2.0602897167241018e-36,7.26219933118422e-34,0.002277904328018223,0.013836948391922213,11
SPINK1,12.417579,1.2831811,2.0981518867979325e-35,7.171546729435539e-33,0.32801822323462415,0.4467090501121915,11
HMGN1,12.411777,0.9260357,2.2559000374854947e-35,7.595649096363474e-33,0.04100227790432802,0.027393418100224384,11
METTL12,12.382267,1.9351598,3.260034911481497e-35,1.0658424285233493e-32,0.05466970387243736,0.19362378459237098,11
NCL,11.956975,1.0455481,5.969751016345045e-33,1.8198866645638902e-30,0.0,0.00028047868362004487,11
EIF3J,11.932502,1.2742943,8.012892331841668e-33,2.410171174853549e-30,0.10478359908883828,0.16660433807030667,11
NDUFB7,11.811681,0.61588323,3.3970153981121367e-32,1.0083325048159433e-29,0.004555808656036446,0.004581151832460733,11
PRAC1,11.782989,1.3685501,4.776874214865878e-32,1.3995000703007707e-29,0.14123006833712984,0.08227374719521316,11
TMSB10,11.5754175,0.28044128,5.490331842123825e-31,1.548204950330892e-28,0.08428246013667426,0.08376963350785341,11
REG1A,11.542105,3.886448,8.092043378354095e-31,2.253684031756667e-28,0.22323462414578588,0.21765145848915482,11
SNRPD2,11.517109,0.81565315,1.0817979470269301e-30,2.9761316935342097e-28,0.18223234624145787,0.24906507105459985,11
STRA13,11.395213,0.85692906,4.417485478616759e-30,1.1863577965728033e-27,0.0,0.0004674644727000748,11
STARD10,11.297116,1.0204016,1.3559853331247515e-29,3.59878507411309e-27,0.1480637813211845,0.11163051608077786,11
TIMM13,11.196693,0.8338197,4.232377194645284e-29,1.1102115945814298e-26,0.8405466970387244,0.7811331338818249,11
EEF1D,11.11604,0.42060897,1.0482184107326285e-28,2.6871317190587916e-26,0.22095671981776766,0.17698204936424833,11
CD74,29.960611,4.2534914,3.20068679159772e-197,7.220429333165296e-193,0.0,0.0008327935597298048,12
HLA-DRA,27.821753,5.1083612,2.3669298759495512e-170,2.6697785535772962e-166,0.0,0.0004626630887387804,12
HLA-DPB1,27.642794,6.261631,3.4068752304176683e-168,2.5618566107664057e-164,0.0,0.0005551957064865365,12
HLA-DPA1,27.35692,5.917586,8.934306021072589e-165,5.038725238234413e-161,0.003048780487804878,0.00212825020819839,12
HLA-DQA1,25.986021,8.242129,7.125620761104122e-149,1.607468787497479e-145,0.0,0.0003701304709910243,12
HLA-DQB1,25.78498,5.761492,1.3069973030557702e-146,2.268042473818086e-143,0.20121951219512196,0.46895530674562785,12
HLA-DRB1,25.519907,3.996772,1.185369427677971e-143,1.910053494213382e-140,0.012195121951219513,0.02526140464513741,12
CD79A,24.942762,10.677084,2.558603459952784e-137,3.2066408585041587e-134,0.006097560975609756,0.06144165818451004,12
LAPTM5,24.883516,5.2758393,1.1221582159910988e-136,1.3323561681338525e-133,0.0,0.006107152771351902,12
CD37,24.524038,5.3716884,8.18638058968263e-133,8.794121891554785e-130,0.36890243902439024,0.7337836587397057,12
CXCR4,24.121347,5.514021,1.4927316063643966e-128,1.4031055128322676e-125,0.003048780487804878,0.05903581012306838,12
EEF1A1,23.680496,0.84092635,5.728026410909966e-124,4.614948135847069e-121,0.003048780487804878,0.0008327935597298048,12
CD83,22.249968,5.848482,1.1287324298674095e-109,7.489139672170262e-107,0.009146341463414634,0.008050337744054779,12
TSC22D3,21.869976,3.8174505,5.018291692002291e-106,3.144656729996658e-103,0.003048780487804878,0.003516239474414731,12
RPL7,21.811829,1.1511363,1.7916795789431675e-105,1.0923918816588896e-102,0.0,0.001202924030720829,12
RPSA,21.707434,1.273712,1.7453498053681132e-104,1.0361406910341911e-101,0.003048780487804878,0.0004626630887387804,12
B2M,21.560713,0.8363366,4.200838046322893e-103,2.4299155253076446e-100,0.01524390243902439,0.01582307763486629,12
RPL10,21.493176,0.6967767,1.803415699750087e-102,1.0170813692665553e-99,0.057926829268292686,0.03988155824928287,12
RPL15,21.4905,1.0047468,1.9104263134447375e-102,1.0511538342682887e-99,0.003048780487804878,0.00018506523549551216,12
RPS25,21.450922,1.0717114,4.476969489789868e-102,2.4046655885754676e-99,0.0,0.0017581197372073655,12
CD52,21.382235,4.617099,1.955420999439686e-101,1.0258684261944156e-98,0.19207317073170732,0.16378273341352828,12
RPS7,21.249662,1.2433782,3.3204464405988337e-100,1.7024079830333884e-97,0.006097560975609756,0.007865272508559267,12
RPL4,21.157612,1.5797088,2.3482160265276587e-99,1.177186785387499e-96,0.0,0.008883131303784583,12
RPS20,21.129898,1.1810483,4.224647904905829e-99,2.0718224366689255e-96,0.0,0.0002775978532432682,12
RPL3,21.112906,0.8680336,6.0533392132357346e-99,2.9054740279018072e-96,0.024390243902439025,0.026649393911353753,12
NAP1L1,20.9289,3.0126193,2.921612956079557e-97,1.292326797572524e-94,0.11585365853658537,0.2657536781715555,12
RPL9,20.887777,0.8824546,6.916312848696615e-97,3.0004827221874417e-94,0.3597560975609756,0.3374664569260664,12
RPSAP58,20.881832,1.9670708,7.832936891162878e-97,3.334023081655535e-94,0.012195121951219513,0.06579069121865458,12
RPS3A,20.852365,1.0150198,1.4506778583580055e-96,6.06034107531449e-94,0.054878048780487805,0.009068196539280097,12
RPS13,20.776356,1.098469,7.083546276253776e-96,2.9054130990183442e-93,0.0,0.0002775978532432682,12
RPS27A,20.642006,0.7930623,1.1518143565676888e-94,4.5585579069842965e-92,0.0,0.07023225687054686,12
HNRNPA1,20.578836,1.3988333,4.2475031068603485e-94,1.6520590101321138e-91,0.006097560975609756,0.05801795132784306,12
RPL23A,20.490194,0.86641246,2.6333947692637198e-93,1.0068941118613603e-90,0.006097560975609756,0.02553900249838068,12
NACA,20.471172,1.2952988,3.8914674958320365e-93,1.4631269206412484e-90,0.003048780487804878,0.003978902563153512,12
RPL5,20.43822,1.3497479,7.64795704925611e-93,2.7385756043518824e-90,0.04878048780487805,0.031738687887480334,12
MS4A1,20.426807,10.84101,9.661625286839759e-93,3.405571950715908e-90,0.027439024390243903,0.012954566484685851,12
PNRC1,20.384752,2.2526984,2.2836737947547028e-92,7.576087814098727e-90,0.1798780487804878,0.44998612010733785,12
CORO1A,20.328182,4.5451303,7.243550973396663e-92,2.368221252302251e-89,0.03048780487804878,0.027852317942074583,12
HLA-DMA,20.320843,4.5145197,8.412011741168426e-92,2.7109510409859786e-89,0.012195121951219513,0.19348570371055798,12
RPS6,20.068192,0.8619081,1.4000492801513847e-89,4.2680691501263635e-87,0.0,0.0002775978532432682,12
RPS4X,19.987152,0.87282765,7.124848368919119e-89,2.1148612415058737e-86,0.14329268292682926,0.1648005922087536,12
RPL19,19.841085,0.70528114,1.3158782994023396e-87,3.710612319527172e-85,0.0,0.00471916350513556,12
RPL21,19.657915,0.75270385,4.946369034929568e-86,1.3283945126068587e-83,0.03048780487804878,0.08624039974090868,12
ARHGDIB,19.583517,4.0859756,2.1373698775466845e-85,5.6725796550089006e-83,0.08841463414634146,0.0836494864439715,12
RPL26,19.580423,0.7885668,2.2712625703714048e-85,5.957838642442852e-83,0.0975609756097561,0.22152308688812808,12
RPS23,19.543303,0.865576,4.70378291382496e-85,1.2196855029077846e-82,0.051829268292682924,0.2523364485981308,12
UBE2Q2P6,19.512598,1.7593316,8.580727432644687e-85,2.1996889790117215e-82,0.0,0.0004626630887387804,12
STK4,19.339045,3.7595887,2.5210144386961734e-83,6.319062746949664e-81,0.024390243902439025,0.11575830480244285,12
RPL39,19.266356,0.8892605,1.0293372476605382e-82,2.5517383483488e-80,0.3719512195121951,0.7959655778661978,12
RPL27,19.213177,0.89712507,2.871420828582999e-82,6.965202416344504e-80,0.14329268292682926,0.17979087628389007,12
ITLN1,26.77351,4.647842,6.5760345541270765e-158,1.4834876350655272e-153,0.003246753246753247,0.0007388935069733074,13
SPINK4,26.450937,4.476842,3.55929463886542e-154,4.01470638790825e-150,0.003246753246753247,0.0003694467534866537,13
SERPINA1,26.224123,4.3081613,1.4107414612898262e-151,1.0608305541745728e-147,0.0,0.0005541701302299807,13
MUC2,25.247776,3.978256,1.1980970788657152e-140,6.756968000532917e-137,0.006493506493506494,0.0020319571441765956,13
REG4,24.446642,4.623334,5.4637572433633354e-132,2.4651379930606694e-128,0.0,0.0003694467534866537,13
AGR2,23.9569,1.336455,7.830337757887351e-127,2.9440764913363458e-123,0.762987012987013,0.45247991133277915,13
TFF3,23.710213,2.114727,2.8291742627157837e-124,9.117620313229338e-121,0.032467532467532464,0.024660570795234135,13
ST6GALNAC1,23.592613,3.3157167,4.5894459348811357e-123,1.2941663855622941e-119,0.06818181818181818,0.05957328899972292,13
LRRC26,23.159567,4.0276933,1.1643926804367526e-118,2.918614941996967e-115,0.006493506493506494,0.005911148055786459,13
TPSG1,22.724249,4.461373,2.5800775160011423e-114,5.820396868346977e-111,0.8051948051948052,0.7206982543640897,13
SPDEF,21.37166,3.4015138,2.4525567498790676e-101,5.029747974592899e-98,0.03571428571428571,0.05800314029740464,13
FKBP11,21.255264,3.3744037,2.946963695256048e-100,5.540046166773431e-97,0.003246753246753247,0.0008312551953449709,13
LINC00261,21.23178,4.7137656,4.858831268663912e-100,8.431567276137631e-97,0.00974025974025974,0.008035466888334718,13
KLK1,21.12118,3.2352173,5.0809275675384216e-99,8.187188928292804e-96,0.0,0.0036021058464948737,13
NPDC1,21.116076,2.8559198,5.6607130333322975e-99,8.513335021262887e-96,0.003246753246753247,0.0011083402604599613,13
TSPAN13,20.925322,2.898878,3.1493412774640783e-97,4.440374367394509e-94,0.003246753246753247,0.00046180844185831715,13
FFAR4,20.533325,3.9454868,1.08491926560271e-93,1.359705206262863e-90,0.02922077922077922,0.015424401958067794,13
NUCB2,20.307373,3.2645874,1.106663610318552e-91,1.313959178167169e-88,0.11038961038961038,0.03842246236261199,13
HPCAL1,19.97869,3.1290793,8.441220613435614e-89,9.5212747909247e-86,0.0,0.0002770850651149903,13
REP15,19.974697,3.9853578,9.143532304298464e-89,9.822330726317574e-86,0.0,0.0017548720790616053,13
LYZ,19.96898,3.6225812,1.0252267449917516e-88,1.0512768245576784e-85,0.2662337662337662,0.16172531633878268,13
TSTA3,19.800535,2.5295455,2.945431039551431e-87,2.7685824508850303e-84,0.022727272727272728,0.0073889350697330745,13
CKAP4,19.668491,3.0719748,4.0154403590438165e-86,3.6233727623867786e-83,0.04220779220779221,0.007666020134848065,13
LMAN1,19.436043,2.8879125,3.8256172656278934e-84,3.196374070196283e-81,0.0,0.0002770850651149903,13
ASPH,19.310587,2.7706501,4.375696628327193e-83,3.40383931856666e-80,0.02922077922077922,0.026507804562667405,13
OSTC,19.203423,2.6084065,3.4649179980301786e-82,2.6055028372520935e-79,0.20454545454545456,0.2629537267941258,13
SELM,19.147453,3.608485,1.0163643555263113e-81,7.396181773005825e-79,0.6071428571428571,0.3304701209938118,13
CREB3L1,19.055883,3.063321,5.871727714464785e-81,4.1393845472065966e-78,0.10064935064935066,0.06317539484621779,13
DNAJC12,18.994781,4.275311,1.8836722801200512e-80,1.287689786885704e-77,0.00974025974025974,0.010436870785997967,13
ZG16,18.976267,2.412471,2.6797359670153437e-80,1.7780048141146806e-77,0.0,0.0002770850651149903,13
SLC50A1,18.923256,2.5842156,7.337943061070503e-80,4.729618786133985e-77,0.10714285714285714,0.06705458575782765,13
ANG,18.902187,3.118853,1.094212924390389e-79,6.856763711478552e-77,0.10714285714285714,0.055047566269511405,13
WFDC2,18.758549,2.3944564,1.6483909836818685e-78,1.0050284378616018e-75,0.07142857142857142,0.023644592223145838,13
FCGBP,18.734371,2.3998694,2.596936497412013e-78,1.5416918538188842e-75,0.01948051948051948,0.0035097441581232107,13
PDIA3,18.673693,1.9134358,8.105076152842227e-78,4.688266998255584e-75,0.003246753246753247,0.03306548443705551,13
SSR3,18.666897,2.4385254,9.204723509791124e-78,5.191233941434448e-75,0.003246753246753247,0.013669529879006189,13
CD74,18.453,2.6812916,4.932984891050857e-76,2.7142245404199095e-73,0.75,0.4332686801514732,13
LCN2,18.312777,2.7658746,6.544630387859033e-75,3.5152456409455224e-72,0.08116883116883117,0.02641544287429574,13
RAB27A,18.28023,3.1079066,1.189226055677912e-74,6.23901176512512e-72,0.12337662337662338,0.1899879929805117,13
ERLEC1,18.030506,2.7709196,1.1226004008396923e-72,5.75562328239605e-70,0.0,0.0002770850651149903,13
TMED3,17.947824,2.3996603,4.99073524908789e-72,2.501911032981638e-69,0.3538961038961039,0.15876974231088944,13
SPINK1,17.891722,2.0794675,1.3681680581731239e-71,6.709674613984239e-69,0.003246753246753247,0.004618084418583171,13
SEC11C,17.657717,2.444965,8.875853755829374e-70,4.260220954845848e-67,0.12337662337662338,0.08349496628798374,13
ZG16B,17.515812,2.5596802,1.0852481985545518e-68,5.100440439831694e-66,0.2824675324675325,0.07813798836242726,13
KDELR2,17.453976,1.8992934,3.2109037903730708e-68,1.4486955721405223e-65,0.36688311688311687,0.21363258520365752,13
GMDS,17.445858,2.1791317,3.7011445057472195e-68,1.63713958637552e-65,0.24675324675324675,0.24642098457559805,13
KDELR3,17.344913,3.8945148,2.1550207226505685e-67,9.349060092745034e-65,0.0,0.00046180844185831715,13
IFITM3,17.326029,2.446852,2.992905216342965e-67,1.2739046938769989e-64,0.2012987012987013,0.11055694098088113,13
PRDX4,17.002485,2.5611348,7.871004970362197e-65,3.1707500201143005e-62,0.9123376623376623,0.7798097349219544,13
FMOD,16.791859,4.1729608,2.799350617993064e-63,1.1079043963386935e-60,0.3246753246753247,0.1745635910224439,13
STMN1,13.856825,2.9926982,1.1567911936691364e-43,1.1861842062719113e-40,0.007905138339920948,0.0006432641058628928,14
HMGN2,13.030195,1.5426065,8.239661824621099e-39,5.996081648439593e-36,0.003952569169960474,0.0003675794890645102,14
MARCKSL1,12.708569,1.7009677,5.299555044234557e-37,3.5162547718496285e-34,0.003952569169960474,0.00045947436133063775,14
SUMO2,12.356178,1.4728869,4.5109773357045563e-35,2.750355073409705e-32,0.003952569169960474,0.0021135820621209335,14
H3F3A,12.01364,0.5659501,3.0128467376892156e-33,1.657727062330025e-30,0.0,0.0003675794890645102,14
PCSK1N,11.98899,5.2838755,4.0582536575411896e-33,2.129073122336551e-30,0.2608695652173913,0.46572321264473443,14
NGFRAP1,11.733817,2.3527212,8.551348421174917e-32,4.018955604860103e-29,0.015810276679841896,0.02508730012865282,14
TUBA1A,11.26668,3.7099342,1.916607482996938e-29,7.720847894451415e-27,0.023715415019762844,0.060650615695644186,14
EIF3E,11.14681,1.574141,7.42199092495808e-29,2.8867705737263675e-26,0.003952569169960474,0.0059731666972982905,14
SCGN,11.12573,7.96867,9.403296498412033e-29,3.535482761794618e-26,0.43478260869565216,0.7297371806653189,14
LRRC75A-AS1,10.869054,1.1061305,1.6187052871156822e-27,5.889737511619787e-25,0.023715415019762844,0.05816945414445874,14
HMGN3,10.844641,2.1163108,2.114651785854318e-27,7.572131688426596e-25,0.0,0.0009189487226612755,14
CPE,10.687775,5.8924584,1.16124196344414e-26,3.9099190228860234e-24,0.003952569169960474,0.008178643631685353,14
MS4A8,10.650867,4.732764,1.727476551710045e-26,5.699698726331764e-24,0.0,0.0035839000183789747,14
PTMS,10.650017,1.8107963,1.7433361944983895e-26,5.699698726331764e-24,0.0,0.0011946333394596581,14
SRP9,10.595453,1.4976699,3.128232307638693e-26,1.0081398946860182e-23,0.0,0.0005513692335967653,14
SCG5,10.514646,6.1706977,7.395832725416429e-26,2.2855149377077976e-23,0.019762845849802372,0.01571402315750781,14
INSM1,10.511659,8.71063,7.63392823456607e-26,2.327213338426702e-23,0.11067193675889328,0.038779636096305824,14
SNRPE,10.416073,1.6610923,2.0942376147536133e-25,6.056911070670098e-23,0.003952569169960474,0.0001837897445322551,14
FEV,10.390552,8.304986,2.73766234997552e-25,7.817585437100982e-23,0.03557312252964427,0.0009189487226612755,14
TUBB,10.382736,1.5993489,2.9713346281232806e-25,8.378792234479136e-23,0.26877470355731226,0.16219444954971513,14
CRYBA2,10.303819,6.935061,6.771849974498492e-25,1.7972489832319e-22,0.011857707509881422,0.007719169270354714,14
RPL7,10.192781,0.66402805,2.1356422741412635e-24,5.353106006928085e-22,0.007905138339920948,0.00863811799301599,14
HNRNPA1,10.164599,0.8662021,2.8529180242161518e-24,7.072415132779359e-22,0.003952569169960474,0.0001837897445322551,14
RPL4,10.002886,1.046714,1.4801893863613023e-23,3.5522970603111294e-21,0.011857707509881422,0.026925197573975372,14
RPL5,9.84509,0.89991057,7.197478712056063e-23,1.6568155333191095e-20,0.1541501976284585,0.2638301782760522,14
NPM1,9.839708,1.2308339,7.593030896640692e-23,1.7302139797708826e-20,0.1857707509881423,0.34166513508546226,14
YWHAE,9.834634,1.1108649,7.985727657924552e-23,1.8015003023511997e-20,0.03162055335968379,0.06496967469215217,14
CHGA,9.817887,5.667731,9.42991905170041e-23,2.1062331077951444e-20,0.003952569169960474,0.010567910310604669,14
ATP5G2,9.692091,0.90430665,3.2578803377812457e-22,6.933445522642181e-20,0.0,0.00027568461679838266,14
ERH,9.657816,1.4244438,4.554710911133449e-22,9.513863281875878e-20,0.015810276679841896,0.0693806285609263,14
RPS7,9.652385,0.83165157,4.802548748928611e-22,9.939513507071608e-20,0.04743083003952569,0.056699136188200695,14
IGFBP2,9.623026,1.6648579,6.392252864436333e-22,1.2875252890073147e-19,0.05533596837944664,0.024260246278257673,14
EEF1A1,9.594933,0.37161654,8.397183157469858e-22,1.6763898659235621e-19,0.003952569169960474,0.003951479507443485,14
RAN,9.587346,1.2304329,9.038020014108804e-22,1.7884973113884253e-19,0.03162055335968379,0.03225510016541077,14
PRMT1,9.54574,1.7999228,1.3513912207416366e-21,2.6509595259748333e-19,0.0,0.013692335967653005,14
PRDX3,9.481284,1.708083,2.5117242082806116e-21,4.801863255474772e-19,0.31620553359683795,0.4449549715125896,14
PTGES3,9.378033,1.1403185,6.721540287730375e-21,1.242878912712373e-18,0.04743083003952569,0.02747656680757214,14
RAB3B,9.188077,5.54986,3.99925291828786e-20,6.993732293306653e-18,0.023715415019762844,0.19196838816394046,14
PARK7,9.16037,1.2811043,5.171966604666591e-20,8.906442338524705e-18,0.0,0.00027568461679838266,14
MDK,9.114116,1.5935948,7.931491443563597e-20,1.345312146431212e-17,0.19367588932806323,0.1634809777614409,14
PCBD1,9.108714,1.3820425,8.336397036654749e-20,1.4034386623126456e-17,0.003952569169960474,0.004594743613306377,14
PAM,9.094361,4.1489115,9.51441839217677e-20,1.5898945519193762e-17,0.11067193675889328,0.08399191325124059,14
PRAC1,9.014544,1.3648787,1.9769284908534912e-19,3.2317050597944864e-17,0.09486166007905138,0.08353243888990994,14
NAP1L1,9.010646,1.5805945,2.0484689644399781e-19,3.324561968978523e-17,0.22529644268774704,0.21769895239845616,14
CACNA1A,8.781687,8.061105,1.6104093879755239e-18,2.4059089657840957e-16,0.1067193675889328,0.24967836794706855,14
RANBP1,8.76494,1.4298269,1.868764959941529e-18,2.7735176796921677e-16,0.003952569169960474,0.0003675794890645102,14
ESD,8.715282,1.6967119,2.9003511375131245e-18,4.221227181365069e-16,0.03557312252964427,0.11486859033265943,14
NME1,8.68894,1.5912619,3.6583668025556016e-18,5.29032671146486e-16,0.6798418972332015,0.7858849476199228,14
HSPD1,8.677258,1.015108,4.054259098193121e-18,5.825479681282714e-16,0.24110671936758893,0.17726520860136005,14
CA7,24.594864,6.949537,1.4335739352015905e-133,3.233999440421268e-129,0.0,0.0008254608823259653,15
CA4,22.721323,4.1053886,2.7577782885937694e-114,3.110636020619342e-110,0.0,0.0004585893790699807,15
BEST4,22.697937,7.711735,4.695092295547896e-114,3.5305529031754997e-110,0.0,0.0005503072548839769,15
OTOP2,21.543266,7.9692907,6.123421882749964e-103,3.453456856323911e-99,0.0,0.0022012290195359075,15
GUCA2A,19.67024,3.0043185,3.8793939716908016e-86,1.7503049721474557e-82,0.004310344827586207,0.00027515362744198843,15
HES4,19.577814,3.5748293,2.3906026139935965e-85,8.988267394846923e-82,0.3879310344827586,0.4626249656057966,15
LYPD8,19.41511,3.8912137,5.751332955574844e-84,1.8534902877830416e-80,0.03017241379310345,0.02476382646977896,15
MT1G,19.377626,2.4429526,1.1921841495907115e-83,3.3618102788271075e-80,0.04741379310344827,0.06007520865816748,15
SPIB,18.586393,5.393034,4.140985348837282e-77,1.0379609831602249e-73,0.004310344827586207,0.00596166192790975,15
MT2A,17.721043,2.2998197,2.885140080782996e-70,6.50858750823836e-67,0.6853448275862069,0.7238374759240576,15
S100A10,16.464771,0.8238599,6.571132395724368e-61,1.3476197792286002e-57,0.09051724137931035,0.05668164725304962,15
PHLDA2,16.361612,1.6413243,3.5948473893251256e-60,6.758013521315458e-57,0.0,0.0009171787581399614,15
MT1H,16.311127,3.8337982,8.226138225594251e-60,1.4274880940860054e-56,0.0,0.008254608823259653,15
GUCA2B,16.232386,3.135737,2.9766453570322314e-59,4.796438757806437e-56,0.0,0.00357699715674585,15
MDK,15.985335,2.7004447,1.6169517572026798e-57,2.431787646049017e-54,0.0,0.00119233238558195,15
SDCBP2,15.640988,2.0665858,3.8274231269765514e-55,5.396427395091502e-52,0.0,0.0005503072548839769,15
KRT8,15.236847,0.8211967,2.013546132841752e-52,2.6719757182810047e-49,0.004310344827586207,0.016050628267449327,15
KRT20,15.212864,2.108116,2.9055040617217997e-52,3.641403673799004e-49,0.008620689655172414,0.04108960836467027,15
FXYD3,15.113988,1.1877627,1.3096792974472729e-51,1.555002909005949e-48,0.0,0.00027515362744198843,15
CKB,15.1011915,1.521559,1.590344362551042e-51,1.7938289237394478e-48,0.0,0.0017426396404659269,15
CST3,14.343972,0.9912097,1.1620847579048409e-46,1.2483557168369193e-43,0.10775862068965517,0.16582591947170502,15
TMSB10,13.909542,0.48844445,5.543283960306896e-44,5.684133766389239e-41,0.004310344827586207,0.007887737320003668,15
FABP1,13.637869,1.2975031,2.384264794352479e-42,2.338549108512938e-39,0.03017241379310345,0.008162890947445657,15
SRI,13.578725,1.2975522,5.355039256642843e-42,5.033513774608579e-39,0.0,0.00027515362744198843,15
PPDPF,13.5222435,0.67960376,1.1559534970122524e-41,1.0430861975639763e-38,0.09913793103448276,0.02503898009722095,15
MT1M,13.282149,2.4238305,2.9383670796419745e-40,2.549485498063204e-37,0.875,0.24828028982848757,15
LGALS3,13.235524,0.8566361,5.471397353730122e-40,4.5714538112147345e-37,0.5646551724137931,0.333302760708062,15
ITM2C,13.202304,1.0158311,8.509233112235694e-40,6.855706777818751e-37,0.0603448275862069,0.0642942309456113,15
FTL,13.071539,0.64714,4.788665627182414e-39,3.725086478745106e-36,0.0,0.010639273594423553,15
HSPB1,12.789257,1.1359328,1.8826587078008526e-37,1.415696592975981e-34,0.0,0.00027515362744198843,15
FTH1,12.740959,0.506367,3.5006427129821036e-37,2.5474515794246218e-34,0.08189655172413793,0.06787122810235716,15
CYSTM1,12.672754,1.2543079,8.372210295133288e-37,5.902146626497245e-34,0.03017241379310345,0.0570485187563056,15
MT1E,12.634705,1.5299574,1.35903518527609e-36,9.290446892316156e-34,0.01293103448275862,0.02522241584884894,15
FRMD1,12.58232,3.0848196,2.6415512180828066e-36,1.752669233197942e-33,0.0,0.004035586535815831,15
C19orf33,12.538677,1.0991484,4.585865081714823e-36,2.955786582240134e-33,0.0,0.03292671741722462,15
CLDN4,12.468233,0.80055684,1.1126602883958584e-35,6.972362068311713e-33,0.0,0.013665963496285426,15
TMEM176A,12.332938,1.6988044,6.021063147659183e-35,3.671058474271446e-32,0.43103448275862066,0.44226359717508945,15
S100A6,12.25368,0.5096028,1.605411340626238e-34,9.530651166628238e-32,0.004310344827586207,0.028432541502338805,15
MT1F,12.041894,2.3837297,2.1398606436899135e-33,1.2377722118205322e-30,0.09482758620689655,0.19013115656241403,15
MYL6,11.959571,0.4469936,5.785986342102107e-33,3.263151647287036e-30,0.0,0.00027515362744198843,15
PCSK1N,11.902925,5.029969,1.1427060409782438e-32,6.287391604494684e-30,0.09482758620689655,0.16564248372007703,15
KRT19,11.872533,0.9612074,1.6441390321518e-32,8.830983911026775e-30,0.0,0.004677611666513803,15
ACTG1,11.870386,0.2987416,1.6868754293838594e-32,8.849819258481509e-30,0.04310344827586207,0.08548106025864441,15
CLDN3,11.857537,0.8063103,1.966742763116761e-32,1.0083579543897958e-29,0.021551724137931036,0.08511418875538843,15
GSN,11.667485,1.8495511,1.868665234677986e-31,9.367826450911263e-29,0.1853448275862069,0.21856369806475281,15
PHGR1,11.656783,0.60899544,2.1189806030102243e-31,1.0391757265936445e-28,0.1896551724137931,0.2476382646977896,15
CARD16,11.487525,2.33713,1.524164140946967e-30,7.315663586302687e-28,0.0,0.0004585893790699807,15
C4orf48,11.421435,1.4633641,3.267902333844413e-30,1.5358460156082523e-27,0.09482758620689655,0.11345501238191323,15
PRSS3,11.3645935,1.4192613,6.275609202836442e-30,2.8892136327915776e-27,0.7586206896551724,0.784004402458039,15
CEACAM6,11.339227,2.1011844,8.38823537545967e-30,3.7846040366998944e-27,0.15086206896551724,0.17930844721636247,15
TPSAB1,10.082767,12.092131,6.584569112845174e-24,7.483837609854316e-20,0.0,0.0008107377713719485,16
TPSB2,10.082018,11.854281,6.634901910416522e-24,7.483837609854316e-20,0.029411764705882353,0.00036032789838753263,16
VIM,9.965695,6.3035793,2.1536064720937804e-23,1.6194402801321197e-19,0.0,0.000540491847581299,16
TYROBP,9.856373,7.4747553,6.433144330310884e-23,3.628132573687081e-19,0.029411764705882353,0.0020718854157283128,16
CPA3,9.786884,14.070805,1.281855522645666e-22,5.391808366756199e-19,0.0,0.00036032789838753263,16
S100A4,9.77553,5.8813286,1.4340551531777646e-22,5.391808366756199e-19,0.17647058823529413,0.4619403657328169,16
ANXA1,9.725677,5.683052,2.3434140285425307e-22,7.552153867127279e-19,0.0,0.024952706963336638,16
HPGDS,9.482346,11.681357,2.486308646154963e-21,7.011079593576226e-18,0.0,0.05999459508152419,16
SRGN,9.440828,5.641587,3.698440861184816e-21,8.560949085228318e-18,0.0,0.005945410323394289,16
ALOX5AP,9.43813,6.047701,3.794915149265622e-21,8.560949085228318e-18,0.29411764705882354,0.7243491577335375,16
CD44,9.267653,4.576757,1.9028581868479612e-20,3.902416167009378e-17,0.0,0.05756238176740834,16
LMNA,8.997927,1.8431292,2.3002116015587616e-19,4.3242061266303415e-16,0.029411764705882353,0.0008107377713719485,16
RGS1,8.914572,5.6571417,4.897058555177277e-19,8.138168968423933e-16,0.0,0.008107377713719485,16
LAPTM5,8.911152,5.3069615,5.050506031204178e-19,8.138168968423933e-16,0.0,0.0035131970092784435,16
GATA2,8.891916,11.372957,6.0063980200693395e-19,8.98026662648683e-16,0.0,0.0011710656697594812,16
LTC4S,8.885398,9.527884,6.369265748649731e-19,8.98026662648683e-16,0.0,0.000540491847581299,16
LGALS1,8.867604,4.944767,7.473628061471099e-19,9.917504437572148e-16,0.0,0.015854427529051435,16
GLUL,8.847407,3.5438952,8.95762781138522e-19,1.1226395877613286e-15,0.0,0.040536888568597426,16
TUBA1A,8.768193,5.60705,1.815560205588532e-18,2.1185077662580215e-15,0.0,0.0002702459237906495,16
FCER1G,8.764373,7.387957,1.87819297509466e-18,2.1185077662580215e-15,0.0,0.00171155751734078,16
CLU,8.704101,5.737664,3.2010197516485388e-18,3.282354753519972e-15,0.029411764705882353,0.16503017746148996,16
CAPG,8.684865,3.217369,3.791915526858027e-18,3.564242598766259e-15,0.0,0.007837131789928835,16
MS4A2,8.599266,13.008607,8.022726080423506e-18,6.703136209195329e-15,0.0,0.008647869561300784,16
ITM2B,8.572496,2.2394447,1.0126523923166798e-17,8.158723327954278e-15,0.0,0.0002702459237906495,16
SAMSN1,8.546262,5.3039308,1.271399192255837e-17,9.8901704752067e-15,0.029411764705882353,0.026574182506080533,16
RAC2,8.379338,5.0265346,5.322611613817791e-17,3.6617656554590495e-14,0.3235294117647059,0.2611476443563643,16
NFKBIA,8.378591,2.0147963,5.3565435803957906e-17,3.6617656554590495e-14,0.3235294117647059,0.3381677326366994,16
FXYD5,8.357805,5.0846734,6.389598429065993e-17,4.2394985576852866e-14,0.0,0.06440861183677146,16
LAPTM4A,8.327589,3.1745393,8.250547622579788e-17,5.3178315376507837e-14,0.3235294117647059,0.009458607332672732,16
SLC18A2,8.298549,11.381253,1.0539126541978013e-16,6.6042265461245e-14,0.0,0.0002702459237906495,16
BST2,8.237475,5.6053867,1.7588314716664181e-16,1.0441441886663875e-13,0.0,0.06837221871903432,16
HSP90AB1,8.012363,1.3037758,1.125244112762536e-15,6.043900461859536e-13,0.029411764705882353,0.05657148004684263,16
KRT1,8.005231,13.015991,1.1924303251124313e-15,6.255822256793334e-13,0.0,0.02504278893793352,16
RP11-354E11.2,7.7110047,31.942749,1.2483125369445609e-14,5.9916345789217766e-12,0.0,0.003963606882262859,16
PTGS1,7.6908603,9.305325,1.461487677407028e-14,6.868687607213571e-12,0.2647058823529412,0.03152869110890911,16
CD37,7.669541,4.639923,1.7261307438695267e-14,7.946894581827073e-12,0.3235294117647059,0.012431312494369877,16
SDCBP,7.54881,2.5064235,4.392526124994095e-14,1.981819937074836e-11,0.17647058823529413,0.44284298711827763,16
TIMP1,7.540074,3.9480903,4.6970507006645406e-14,2.077662093260615e-11,0.0,0.028015494099630663,16
SUMO2,7.488912,2.2513871,6.944671396392791e-14,2.9012007783560184e-11,0.029411764705882353,0.18863165480587335,16
CD52,7.4568796,4.534804,8.859563729394644e-14,3.595115438885661e-11,0.0,0.0002702459237906495,16
FTL,7.455918,0.8745291,8.924441002597499e-14,3.595115438885661e-11,0.058823529411764705,0.16448968561390867,16
EEF1A1,7.447262,0.6904932,9.529748008000008e-14,3.771606759867933e-11,0.0,0.004594180704441042,16
ARHGDIB,7.3013377,4.3870997,2.849209979260095e-13,1.0536939003627619e-10,0.0,0.08485722007026394,16
CD9,7.2669806,1.6396704,3.6761205142453977e-13,1.3375742367880957e-10,0.029411764705882353,0.0839564003242951,16
DNAJA1,7.2522063,1.7982234,4.100365769997857e-13,1.4682563715139944e-10,0.08823529411764706,0.2182686244482479,16
BCL2A1,7.248974,6.5680103,4.19941498799648e-13,1.4802281674095716e-10,0.029411764705882353,0.24709485631925052,16
CKLF,7.2383404,3.6142638,4.542076010953585e-13,1.5656975521547388e-10,0.0,0.0004504098729844158,16
ATP6V1F,7.147265,2.9499352,8.852394500280177e-13,2.9806144407734406e-10,0.0,0.1134132060174759,16
IL1RL1,7.1158733,12.460527,1.112064090129748e-12,3.689272619005439e-10,0.38235294117647056,0.7847040807134492,16
DDX5,7.09434,1.4333837,1.2997023001628832e-12,4.2492730709238385e-10,0.11764705882352941,0.17890280154940996,16
